date,name,value
2001-01-31,q_17012,646.9999999999999
2001-01-31,q_17084,202.4431932486144
2001-01-31,q_16924,76.00000000000009
2001-01-31,q_17461,58.1
2001-01-31,q_16936,173.0000000000008
2001-01-31,q_16938,63.16172605152354
2001-02-28,q_17012,665.0000000000001
2001-02-28,q_17084,186.27422312326263
2001-02-28,q_16924,71.00000000000007
2001-02-28,q_17461,56.00000000000001
2001-02-28,q_16936,169.0000000000008
2001-02-28,q_16938,66.16315264226813
2001-03-31,q_17012,753.0000000000001
2001-03-31,q_17084,222.65144898582767
2001-03-31,q_16924,114.00000000000011
2001-03-31,q_17461,54.800000000000026
2001-03-31,q_16936,202.00000000000085
2001-03-31,q_16938,54.168812216272734
2001-04-30,q_17012,781.0000000000001
2001-04-30,q_17084,420.89953138870965
2001-04-30,q_16924,261.00000000000017
2001-04-30,q_17461,59.60000000000002
2001-04-30,q_16936,329.00000000000136
2001-04-30,q_16938,98.27503130733936
2001-05-31,q_17012,1502
2001-05-31,q_17084,838.8145540929555
2001-05-31,q_16924,481.00000000000034
2001-05-31,q_17461,150
2001-05-31,q_16936,761.0000000000036
2001-05-31,q_16938,232.91624375887957
2001-06-30,q_17012,3193.0000000000005
2001-06-30,q_17084,1452.804464401112
2001-06-30,q_16924,521.0000000000007
2001-06-30,q_17461,275.9999999999998
2001-06-30,q_16936,866.0000000000035
2001-06-30,q_16938,280.78586858092774
2001-07-31,q_17012,3087.0000000000014
2001-07-31,q_17084,1593.805585695561
2001-07-31,q_16924,288.0000000000003
2001-07-31,q_17461,254.99999999999972
2001-07-31,q_16936,645.0000000000028
2001-07-31,q_16938,103.30614978117966
2001-08-31,q_17012,2387.000000000001
2001-08-31,q_17084,1197.600634023603
2001-08-31,q_16924,191.00000000000017
2001-08-31,q_17461,174.99999999999991
2001-08-31,q_16936,565.0000000000026
2001-08-31,q_16938,74.17533824035951
2001-09-30,q_17012,1289
2001-09-30,q_17084,517.773459067509
2001-09-30,q_16924,133.00000000000009
2001-09-30,q_17461,103.99999999999997
2001-09-30,q_16936,377.00000000000176
2001-09-30,q_16938,61.16178887922668
2001-10-31,q_17012,536.0000000000001
2001-10-31,q_17084,325.3349465995311
2001-10-31,q_16924,117.00000000000014
2001-10-31,q_17461,68.79999999999998
2001-10-31,q_16936,291.0000000000013
2001-10-31,q_16938,67.16402180538306
2001-11-30,q_17012,415.99999999999966
2001-11-30,q_17084,258.34550838961746
2001-11-30,q_16924,114.00000000000011
2001-11-30,q_17461,59.800000000000004
2001-11-30,q_16936,243.00000000000117
2001-11-30,q_16938,107.33333730777386
2001-12-31,q_17012,539.0000000000002
2001-12-31,q_17084,211.8741046716855
2001-12-31,q_16924,85.00000000000004
2001-12-31,q_17461,53.800000000000004
2001-12-31,q_16936,199.00000000000082
2001-12-31,q_16938,75.17767241055498
2002-01-31,q_17012,562.0000000000001
2002-01-31,q_17084,172.12449473224154
2002-01-31,q_16924,79.00000000000004
2002-01-31,q_17461,37.100000000000016
2002-01-31,q_16936,190.00000000000085
2002-01-31,q_16938,68.1650830695325
2002-02-28,q_17012,567.0000000000001
2002-02-28,q_17084,166.05975153808268
2002-02-28,q_16924,72.00000000000006
2002-02-28,q_17461,45.90000000000002
2002-02-28,q_16936,178.0000000000008
2002-02-28,q_16938,59.162692388834
2002-03-31,q_17012,811
2002-03-31,q_17084,257.3354159222629
2002-03-31,q_16924,121.00000000000013
2002-03-31,q_17461,58.20000000000003
2002-03-31,q_16936,201.00000000000097
2002-03-31,q_16938,59.162692388834
2002-04-30,q_17012,1640.0000000000005
2002-04-30,q_17084,544.6773376143501
2002-04-30,q_16924,400.0000000000004
2002-04-30,q_17461,107.00000000000003
2002-04-30,q_16936,491.00000000000205
2002-04-30,q_16938,369.66642736784826
2002-05-31,q_17012,2740.0000000000005
2002-05-31,q_17084,973.5521632451062
2002-05-31,q_16924,443.0000000000004
2002-05-31,q_17461,178
2002-05-31,q_16936,714.0000000000031
2002-05-31,q_16938,414.7288671456967
2002-06-30,q_17012,4372.999999999998
2002-06-30,q_17084,1587.0917266589754
2002-06-30,q_16924,679.0000000000003
2002-06-30,q_17461,423.9999999999998
2002-06-30,q_16936,1577.0000000000066
2002-06-30,q_16938,487.57562353304326
2002-07-31,q_17012,4616.999999999998
2002-07-31,q_17084,1815.3379473139357
2002-07-31,q_16924,609.0000000000013
2002-07-31,q_17461,494.9999999999998
2002-07-31,q_16936,1160.0000000000045
2002-07-31,q_16938,252.25370684898616
2002-08-31,q_17012,3983.0000000000005
2002-08-31,q_17084,1560.2358215468857
2002-08-31,q_16924,356.00000000000017
2002-08-31,q_17461,383.99999999999983
2002-08-31,q_16936,811.0000000000036
2002-08-31,q_16938,109.34766966187988
2002-09-30,q_17012,2432.999999999999
2002-09-30,q_17084,735.3013816913189
2002-09-30,q_16924,188.0000000000002
2002-09-30,q_17461,200
2002-09-30,q_16936,396.0000000000019
2002-09-30,q_16938,59.162692388834
2002-10-31,q_17012,1253.0000000000005
2002-10-31,q_17084,411.4794018374326
2002-10-31,q_16924,140.00000000000014
2002-10-31,q_17461,114.99999999999999
2002-10-31,q_16936,325.0000000000015
2002-10-31,q_16938,42.20872048792515
2002-11-30,q_17012,840.0000000000002
2002-11-30,q_17084,247.23412958780682
2002-11-30,q_16924,107.00000000000011
2002-11-30,q_17461,99.40000000000005
2002-11-30,q_16936,255.00000000000108
2002-11-30,q_16938,41.21385137503525
2002-12-31,q_17012,737.9999999999998
2002-12-31,q_17084,211.53729842776852
2002-12-31,q_16924,90.00000000000006
2002-12-31,q_17461,60.50000000000002
2002-12-31,q_16936,228.00000000000108
2002-12-31,q_16938,58.16346783053169
2003-01-31,q_17012,670.0000000000001
2003-01-31,q_17084,192.6747045624391
2003-01-31,q_16924,79.00000000000004
2003-01-31,q_17461,50.60000000000004
2003-01-31,q_16936,198.00000000000085
2003-01-31,q_16938,54.168812216272734
2003-02-28,q_17012,686.9999999999999
2003-02-28,q_17084,175.49364467541213
2003-02-28,q_16924,72.00000000000006
2003-02-28,q_17461,51.10000000000004
2003-02-28,q_16936,195.0000000000008
2003-02-28,q_16938,51.17528595714595
2003-03-31,q_17012,1011.9999999999999
2003-03-31,q_17084,205.47463451088257
2003-03-31,q_16924,98.00000000000007
2003-03-31,q_17461,66.79999999999997
2003-03-31,q_16936,203.00000000000085
2003-03-31,q_16938,53.17072838472406
2003-04-30,q_17012,2440.0000000000005
2003-04-30,q_17084,483.4676665898307
2003-04-30,q_16924,304.00000000000034
2003-04-30,q_17461,98.30000000000001
2003-04-30,q_16936,325.0000000000015
2003-04-30,q_16938,353.29739439341216
2003-05-31,q_17012,3106.9999999999977
2003-05-31,q_17084,743.70427545642
2003-05-31,q_16924,490.00000000000034
2003-05-31,q_17461,128.99999999999997
2003-05-31,q_16936,748.0000000000032
2003-05-31,q_16938,408.5800653205343
2003-06-30,q_17012,5166.999999999996
2003-06-30,q_17084,1225.1397807902229
2003-06-30,q_16924,729.0000000000007
2003-06-30,q_17461,356.9999999999997
2003-06-30,q_16936,1303.0000000000061
2003-06-30,q_16938,498.8750301853478
2003-07-31,q_17012,5230.000000000004
2003-07-31,q_17084,1677.7249621494886
2003-07-31,q_16924,505.00000000000057
2003-07-31,q_17461,475.9999999999997
2003-07-31,q_16936,1163.0000000000048
2003-07-31,q_16938,277.7269734910158
2003-08-31,q_17012,3199.9999999999986
2003-08-31,q_17084,1112.9615105039047
2003-08-31,q_16924,247.00000000000028
2003-08-31,q_17461,283.99999999999983
2003-08-31,q_16936,725.384947735778
2003-08-31,q_16938,97.26920208246334
2003-09-30,q_17012,1786.9999999999993
2003-09-30,q_17084,720.5119043418242
2003-09-30,q_16924,156.00000000000009
2003-09-30,q_17461,168
2003-09-30,q_16936,525.29478188306
2003-09-30,q_16938,65.16247836772295
2003-10-31,q_17012,1008.9999999999995
2003-10-31,q_17084,315.23761207922496
2003-10-31,q_16924,104.00000000000006
2003-10-31,q_17461,114.99999999999999
2003-10-31,q_16936,301.24459070929123
2003-10-31,q_16938,52.172884834782714
2003-11-30,q_17012,911.9999999999997
2003-11-30,q_17084,284.2690679002321
2003-11-30,q_16924,98.00000000000007
2003-11-30,q_17461,89.70000000000002
2003-11-30,q_16936,251.54722001772345
2003-11-30,q_16938,86.21427188756641
2003-12-31,q_17012,869.0000000000002
2003-12-31,q_17084,259.0188997705951
2003-12-31,q_16924,84.0000000000001
2003-12-31,q_17461,64.50000000000003
2003-12-31,q_16936,220.4824672398185
2003-12-31,q_16938,89.22752867076164
2004-01-31,q_17012,887.4999999999997
2004-01-31,q_17084,195.7063893841607
2004-01-31,q_16924,78.00000000000007
2004-01-31,q_17461,55.899999999999984
2004-01-31,q_16936,203.9875363373765
2004-01-31,q_16938,59.162692388834
2004-02-29,q_17012,905.9999999999997
2004-02-29,q_17084,171.78757383936062
2004-02-29,q_16924,82.0000000000001
2004-02-29,q_17461,49.80000000000002
2004-02-29,q_16936,200.00000000000088
2004-02-29,q_16938,46.19112740058128
2004-03-31,q_17012,1110.0000000000005
2004-03-31,q_17084,302.78350032069056
2004-03-31,q_16924,115.00000000000009
2004-03-31,q_17461,61.799999999999976
2004-03-31,q_16936,214.00000000000088
2004-03-31,q_16938,69.16633372631345
2004-04-30,q_17012,1550.0000000000005
2004-04-30,q_17084,583.684111783843
2004-04-30,q_16924,284.00000000000034
2004-04-30,q_17461,102.00000000000001
2004-04-30,q_16936,406.00000000000165
2004-04-30,q_16938,266.5148141805529
2004-05-31,q_17012,3079.9999999999995
2004-05-31,q_17084,824.7004190463095
2004-05-31,q_16924,459.00000000000057
2004-05-31,q_17461,210.99999999999977
2004-05-31,q_16936,717.0000000000031
2004-05-31,q_16938,360.4576564542567
2004-06-30,q_17012,4319.999999999999
2004-06-30,q_17084,1377.93056661856
2004-06-30,q_16924,496.0000000000005
2004-06-30,q_17461,389.99999999999966
2004-06-30,q_16936,1114.0000000000052
2004-06-30,q_16938,346.1390230899424
2004-07-31,q_17012,3853.0000000000005
2004-07-31,q_17084,1667.6550083577981
2004-07-31,q_16924,360.00000000000017
2004-07-31,q_17461,436.9999999999997
2004-07-31,q_16936,921.0000000000042
2004-07-31,q_16938,256.327263227467
2004-08-31,q_17012,2777.0000000000014
2004-08-31,q_17084,1355.4335308675516
2004-08-31,q_16924,224.0000000000002
2004-08-31,q_17461,308.9999999999998
2004-08-31,q_16936,570.0000000000027
2004-08-31,q_16938,145.68068799085358
2004-09-30,q_17012,1566.9999999999998
2004-09-30,q_17084,659.6680093175584
2004-09-30,q_16924,145.0000000000001
2004-09-30,q_17461,158.99999999999994
2004-09-30,q_16936,361.00000000000176
2004-09-30,q_16938,58.16346783053169
2004-10-31,q_17012,944.9999999999998
2004-10-31,q_17084,340.14344508187196
2004-10-31,q_16924,103.00000000000007
2004-10-31,q_17461,85.59999999999998
2004-10-31,q_16936,271.0000000000013
2004-10-31,q_16938,57.16446378239047
2004-11-30,q_17012,865.9999999999997
2004-11-30,q_17084,238.47913524486978
2004-11-30,q_16924,91.0000000000001
2004-11-30,q_17461,67.60000000000002
2004-11-30,q_16936,247.00000000000117
2004-11-30,q_16938,54.168812216272734
2004-12-31,q_17012,939.9999999999997
2004-12-31,q_17084,218.6100472653256
2004-12-31,q_16924,83.00000000000006
2004-12-31,q_17461,64.99999999999997
2004-12-31,q_16936,233.0000000000011
2004-12-31,q_16938,49.18084061402021
2005-01-31,q_17012,909.9999999999999
2005-01-31,q_17084,202.10636187448264
2005-01-31,q_16924,73.0000000000001
2005-01-31,q_17461,60.1
2005-01-31,q_16936,184.00000000000074
2005-01-31,q_16938,44.19935056958077
2005-02-28,q_17012,920
2005-02-28,q_17084,180.54717181543037
2005-02-28,q_16924,67.00000000000007
2005-02-28,q_17461,54.10000000000001
2005-02-28,q_16936,180.00000000000085
2005-02-28,q_16938,42.20872048792515
2005-03-31,q_17012,1583.0000000000002
2005-03-31,q_17084,286.2889180011048
2005-03-31,q_16924,198.00000000000014
2005-03-31,q_17461,72.40000000000002
2005-03-31,q_16936,213.00000000000088
2005-03-31,q_16938,101.29331300265378
2005-04-30,q_17012,2006.9999999999998
2005-04-30,q_17084,449.1578737503688
2005-04-30,q_16924,334.0000000000002
2005-04-30,q_17461,67.89999999999999
2005-04-30,q_16936,366.00000000000176
2005-04-30,q_16938,191.26164755007352
2005-05-31,q_17012,3187.000000000001
2005-05-31,q_17084,780.6751780956236
2005-05-31,q_16924,568.0000000000005
2005-05-31,q_17461,148.99999999999997
2005-05-31,q_16936,684.0000000000032
2005-05-31,q_16938,255.3087945977555
2005-06-30,q_17012,5136.999999999998
2005-06-30,q_17084,1483.0208136325725
2005-06-30,q_16924,769.000000000001
2005-06-30,q_17461,462.9999999999996
2005-06-30,q_16936,1200.0000000000052
2005-06-30,q_16938,391.16507003290445
2005-07-31,q_17012,5866.999999999999
2005-07-31,q_17084,1509.8789403276915
2005-07-31,q_16924,434.00000000000045
2005-07-31,q_17461,518.9999999999995
2005-07-31,q_16936,821.0000000000034
2005-07-31,q_16938,170.98369824701942
2005-08-31,q_17012,3407.0000000000023
2005-08-31,q_17084,1039.733437154562
2005-08-31,q_16924,226.00000000000026
2005-08-31,q_17461,291.99999999999983
2005-08-31,q_16936,536.0000000000025
2005-08-31,q_16938,127.49734133105726
2005-09-30,q_17012,1982.9999999999993
2005-09-30,q_17084,633.4451924436795
2005-09-30,q_16924,145.0000000000001
2005-09-30,q_17461,166.99999999999997
2005-09-30,q_16936,384.0000000000019
2005-09-30,q_16938,54.168812216272734
2005-10-31,q_17012,1156.9999999999995
2005-10-31,q_17084,331.0565402957563
2005-10-31,q_16924,105.00000000000007
2005-10-31,q_17461,84.4
2005-10-31,q_16936,275.00000000000114
2005-10-31,q_16938,53.17072838472406
2005-11-30,q_17012,958.0000000000003
2005-11-30,q_17084,270.12944877772253
2005-11-30,q_16924,81.00000000000009
2005-11-30,q_17461,64.39999999999999
2005-11-30,q_16936,233.0000000000011
2005-11-30,q_16938,48.18400379147555
2005-12-31,q_17012,857.0000000000001
2005-12-31,q_17084,225.6824213106444
2005-12-31,q_16924,73.0000000000001
2005-12-31,q_17461,52.40000000000002
2005-12-31,q_16936,190.00000000000085
2005-12-31,q_16938,61.16178887922668
2006-01-31,q_17012,732.9999999999997
2006-01-31,q_17084,181.22095780621692
2006-01-31,q_16924,65.00000000000003
2006-01-31,q_17461,37.90000000000001
2006-01-31,q_16936,159.00000000000065
2006-01-31,q_16938,55.16713209454762
2006-02-28,q_17012,974.0000000000001
2006-02-28,q_17084,214.90532158129886
2006-02-28,q_16924,89.00000000000007
2006-02-28,q_17461,42.80000000000002
2006-02-28,q_16936,188.00000000000088
2006-02-28,q_16938,71.16939276002614
2006-03-31,q_17012,981.9999999999999
2006-03-31,q_17084,231.07065249078371
2006-03-31,q_16924,104.00000000000006
2006-03-31,q_17461,50.60000000000004
2006-03-31,q_16936,181.00000000000077
2006-03-31,q_16938,69.16633372631345
2006-04-30,q_17012,1345.9999999999995
2006-04-30,q_17084,370.09381105930896
2006-04-30,q_16924,267.00000000000017
2006-04-30,q_17461,55.3
2006-04-30,q_16936,427.0000000000018
2006-04-30,q_16938,165.91895420844028
2006-05-31,q_17012,3094.000000000001
2006-05-31,q_17084,905.6834723157473
2006-05-31,q_16924,552.0000000000006
2006-05-31,q_17461,190
2006-05-31,q_16936,963.0000000000042
2006-05-31,q_16938,424.9795035675535
2006-06-30,q_17012,2986.000000000002
2006-06-30,q_17084,1021.5930853748082
2006-06-30,q_16924,465.0000000000003
2006-06-30,q_17461,243.9999999999999
2006-06-30,q_16936,941.0000000000042
2006-06-30,q_16938,218.68085813237334
2006-07-31,q_17012,3517.9999999999995
2006-07-31,q_17084,1141.5115652280313
2006-07-31,q_16924,295.00000000000017
2006-07-31,q_17461,305.9999999999996
2006-07-31,q_16936,896.0000000000039
2006-07-31,q_16938,116.40156387943756
2006-08-31,q_17012,3482.0000000000027
2006-08-31,q_17084,1279.2076049933928
2006-08-31,q_16924,197.00000000000017
2006-08-31,q_17461,306.9999999999996
2006-08-31,q_16936,711.0000000000032
2006-08-31,q_16938,49.18084061402021
2006-09-30,q_17012,1576.9999999999995
2006-09-30,q_17084,608.9017109362374
2006-09-30,q_16924,118.00000000000013
2006-09-30,q_17461,137.99999999999997
2006-09-30,q_16936,383.0000000000017
2006-09-30,q_16938,50.17793630710901
2006-10-31,q_17012,795
2006-10-31,q_17084,390.6192718538479
2006-10-31,q_16924,117.00000000000014
2006-10-31,q_17461,67.5
2006-10-31,q_16936,271.0000000000013
2006-10-31,q_16938,58.16346783053169
2006-11-30,q_17012,678.0000000000001
2006-11-30,q_17084,333.41244333798704
2006-11-30,q_16924,119.00000000000009
2006-11-30,q_17461,50.300000000000026
2006-11-30,q_16936,241.00000000000117
2006-11-30,q_16938,63.16172605152354
2006-12-31,q_17012,622
2006-12-31,q_17084,281.91254636585626
2006-12-31,q_16924,87.00000000000011
2006-12-31,q_17461,42.70000000000002
2006-12-31,q_16936,196.00000000000088
2006-12-31,q_16938,64.16200185194275
2007-01-31,q_17012,644
2007-01-31,q_17084,200.42219118806796
2007-01-31,q_16924,71.00000000000007
2007-01-31,q_17461,41.100000000000016
2007-01-31,q_16936,158.0000000000007
2007-01-31,q_16938,53.17072838472406
2007-02-28,q_17012,515.9999999999995
2007-02-28,q_17084,181.89473969819133
2007-02-28,q_16924,70.00000000000007
2007-02-28,q_17461,40.00000000000002
2007-02-28,q_16936,179.0000000000008
2007-02-28,q_16938,51.17528595714595
2007-03-31,q_17012,637.9999999999999
2007-03-31,q_17084,249.25444009271018
2007-03-31,q_16924,110.00000000000007
2007-03-31,q_17461,48.500000000000036
2007-03-31,q_16936,172.00000000000082
2007-03-31,q_16938,41.21385137503525
2007-04-30,q_17012,2086.999999999999
2007-04-30,q_17084,690.9314427856305
2007-04-30,q_16924,419.00000000000034
2007-04-30,q_17461,100.00000000000003
2007-04-30,q_16936,423.0000000000019
2007-04-30,q_16938,146.69177420174083
2007-05-31,q_17012,2907
2007-05-31,q_17084,992.0298918558632
2007-05-31,q_16924,591.0000000000009
2007-05-31,q_17461,226.99999999999986
2007-05-31,q_16936,653.000000000003
2007-05-31,q_16938,154.78367137955084
2007-06-30,q_17012,3093.0000000000023
2007-06-30,q_17084,1024.2805780798326
2007-06-30,q_16924,675.0000000000007
2007-06-30,q_17461,344.99999999999983
2007-06-30,q_16936,756.0000000000032
2007-06-30,q_16938,104.31275918132508
2007-07-31,q_17012,3291.0000000000005
2007-07-31,q_17084,1066.6070788244724
2007-07-31,q_16924,441.0000000000003
2007-07-31,q_17461,379.9999999999998
2007-07-31,q_16936,697.0000000000031
2007-07-31,q_16938,87.2185419284605
2007-08-31,q_17012,2468.999999999999
2007-08-31,q_17084,923.4913883690142
2007-08-31,q_16924,235.0000000000003
2007-08-31,q_17461,268.99999999999983
2007-08-31,q_16936,480.0000000000021
2007-08-31,q_16938,63.16172605152354
2007-09-30,q_17012,1684
2007-09-30,q_17084,745.3848354345242
2007-09-30,q_16924,151.00000000000014
2007-09-30,q_17461,174.00000000000009
2007-09-30,q_16936,340.0000000000016
2007-09-30,q_16938,55.16713209454762
2007-10-31,q_17012,772.0000000000003
2007-10-31,q_17084,273.1594671905118
2007-10-31,q_16924,104.00000000000006
2007-10-31,q_17461,76.30000000000001
2007-10-31,q_16936,241.00000000000117
2007-10-31,q_16938,35.25133468471396
2007-11-30,q_17012,584.9999999999998
2007-11-30,q_17084,205.13781133968598
2007-11-30,q_16924,90.00000000000006
2007-11-30,q_17461,60.80000000000002
2007-11-30,q_16936,196.00000000000088
2007-11-30,q_16938,35.25133468471396
2007-12-31,q_17012,483.9999999999996
2007-12-31,q_17084,184.58982657929317
2007-12-31,q_16924,76.00000000000009
2007-12-31,q_17461,58.699999999999996
2007-12-31,q_16936,184.00000000000074
2007-12-31,q_16938,53.17072838472406
2008-01-31,q_17012,361.9999999999999
2008-01-31,q_17084,163.36419461017658
2008-01-31,q_16924,74.00000000000004
2008-01-31,q_17461,44.90000000000002
2008-01-31,q_16936,142.0000000000006
2008-01-31,q_16938,44.19935056958077
2008-02-29,q_17012,648.0000000000002
2008-02-29,q_17084,149.88529399529634
2008-02-29,q_16924,72.00000000000006
2008-02-29,q_17461,43.700000000000024
2008-02-29,q_16936,146.00000000000063
2008-02-29,q_16938,47.1874309483261
2008-03-31,q_17012,763.0000000000001
2008-03-31,q_17084,211.8741046716855
2008-03-31,q_16924,120.00000000000014
2008-03-31,q_17461,47.40000000000001
2008-03-31,q_16936,187.00000000000085
2008-03-31,q_16938,67.16402180538306
2008-04-30,q_17012,852.0000000000001
2008-04-30,q_17084,320.6229221063395
2008-04-30,q_16924,188.0000000000002
2008-04-30,q_17461,45.30000000000001
2008-04-30,q_16936,240.00000000000102
2008-04-30,q_16938,88.22296140238207
2008-05-31,q_17012,1362.0000000000005
2008-05-31,q_17084,737.9903247755734
2008-05-31,q_16924,390.0000000000004
2008-05-31,q_17461,143.99999999999997
2008-05-31,q_16936,663.0000000000027
2008-05-31,q_16938,241.05588257009407
2008-06-30,q_17012,2707.0000000000005
2008-06-30,q_17084,1143.8626934911342
2008-06-30,q_16924,395.00000000000034
2008-06-30,q_17461,311.99999999999966
2008-06-30,q_16936,675.0000000000031
2008-06-30,q_16938,158.83169933758052
2008-07-31,q_17012,2276.9999999999995
2008-07-31,q_17084,1100.1975690402
2008-07-31,q_16924,213.0000000000001
2008-07-31,q_17461,280.99999999999983
2008-07-31,q_16936,469.0000000000021
2008-07-31,q_16938,40.219288609560124
2008-08-31,q_17012,2109.000000000001
2008-08-31,q_17084,1097.5103925478388
2008-08-31,q_16924,159.00000000000009
2008-08-31,q_17461,270.9999999999999
2008-08-31,q_16936,480.0000000000021
2008-08-31,q_16938,56.16568393231653
2008-09-30,q_17012,990.0000000000002
2008-09-30,q_17084,486.83115186229037
2008-09-30,q_16924,102.0000000000001
2008-09-30,q_17461,118.00000000000003
2008-09-30,q_16936,276.00000000000125
2008-09-30,q_16938,57.16446378239047
2008-10-31,q_17012,469.99999999999955
2008-10-31,q_17084,254.30509943174079
2008-10-31,q_16924,89.00000000000007
2008-10-31,q_17461,67.2
2008-10-31,q_16936,244.0000000000012
2008-10-31,q_16938,48.18400379147555
2008-11-30,q_17012,453.99999999999955
2008-11-30,q_17084,208.50600254959517
2008-11-30,q_16924,93.00000000000007
2008-11-30,q_17461,52.40000000000002
2008-11-30,q_16936,208.0000000000009
2008-11-30,q_16938,61.16178887922668
2008-12-31,q_17012,286.9999999999998
2008-12-31,q_17084,183.24229124618986
2008-12-31,q_16924,77.00000000000007
2008-12-31,q_17461,50.80000000000002
2008-12-31,q_16936,185.0000000000009
2008-12-31,q_16938,57.16446378239047
2009-01-31,q_17012,484.9999999999995
2009-01-31,q_17084,187.62172240213548
2009-01-31,q_16924,72.00000000000006
2009-01-31,q_17461,42.40000000000002
2009-01-31,q_16936,149.00000000000063
2009-01-31,q_16938,46.19112740058128
2009-02-28,q_17012,629.9999999999998
2009-02-28,q_17084,195.7063893841607
2009-02-28,q_16924,71.00000000000007
2009-02-28,q_17461,40.90000000000001
2009-02-28,q_16936,167.0000000000007
2009-02-28,q_16938,50.17793630710901
2009-03-31,q_17012,719.0000000000001
2009-03-31,q_17084,235.11169053995172
2009-03-31,q_16924,129.00000000000009
2009-03-31,q_17461,45.40000000000001
2009-03-31,q_16936,192.00000000000085
2009-03-31,q_16938,66.16315264226813
2009-04-30,q_17012,1153.0000000000005
2009-04-30,q_17084,383.88981224271396
2009-04-30,q_16924,257.0000000000002
2009-04-30,q_17461,49.30000000000001
2009-04-30,q_16936,286.00000000000136
2009-04-30,q_16938,130.52568467843392
2009-05-31,q_17012,3030
2009-05-31,q_17084,757.820786715892
2009-05-31,q_16924,462.00000000000085
2009-05-31,q_17461,151
2009-05-31,q_16936,503.00000000000233
2009-05-31,q_16938,239.02063270897457
2009-06-30,q_17012,3439.999999999999
2009-06-30,q_17084,1037.381939611806
2009-06-30,q_16924,691.000000000001
2009-06-30,q_17461,322.9999999999996
2009-06-30,q_16936,1140.0000000000052
2009-06-30,q_16938,327.74073462909166
2009-07-31,q_17012,4173.000000000004
2009-07-31,q_17084,1308.4228056555162
2009-07-31,q_16924,574.0000000000011
2009-07-31,q_17461,448.99999999999966
2009-07-31,q_16936,997.0000000000047
2009-07-31,q_16938,231.899046527517
2009-08-31,q_17012,3915.9999999999964
2009-08-31,q_17084,1237.9014779636977
2009-08-31,q_16924,317.0000000000003
2009-08-31,q_17461,348.99999999999955
2009-08-31,q_16936,717.0000000000031
2009-08-31,q_16938,117.40972336759154
2009-09-30,q_17012,1687.9999999999993
2009-09-30,q_17084,547.7038853501722
2009-09-30,q_16924,178.00000000000014
2009-09-30,q_17461,140.00000000000003
2009-09-30,q_16936,469.0000000000021
2009-09-30,q_16938,78.18570060059376
2009-10-31,q_17012,1029.0000000000002
2009-10-31,q_17084,410.4700813909783
2009-10-31,q_16924,134.00000000000014
2009-10-31,q_17461,86.60000000000001
2009-10-31,q_16936,398.0000000000019
2009-10-31,q_16938,73.17317869992745
2009-11-30,q_17012,618.0000000000001
2009-11-30,q_17084,298.0709164672703
2009-11-30,q_16924,107.00000000000011
2009-11-30,q_17461,64.60000000000002
2009-11-30,q_16936,282.0000000000013
2009-11-30,q_16938,59.162692388834
2009-12-31,q_17012,715.9999999999999
2009-12-31,q_17084,235.11169053995172
2009-12-31,q_16924,91.0000000000001
2009-12-31,q_17461,61.4
2009-12-31,q_16936,235.00000000000114
2009-12-31,q_16938,61.16178887922668
2010-01-31,q_17012,658
2010-01-31,q_17084,202.4431932486144
2010-01-31,q_16924,81.00000000000009
2010-01-31,q_17461,47.10000000000003
2010-01-31,q_16936,216.000000000001
2010-01-31,q_16938,56.16568393231653
2010-02-28,q_17012,690.0000000000002
2010-02-28,q_17084,207.49555460638518
2010-02-28,q_16924,90.00000000000006
2010-02-28,q_17461,44.50000000000002
2010-02-28,q_16936,204.00000000000097
2010-02-28,q_16938,70.16777114312563
2010-03-31,q_17012,1326.9999999999998
2010-03-31,q_17084,294.3680863979223
2010-03-31,q_16924,186.0000000000002
2010-03-31,q_17461,61.00000000000001
2010-03-31,q_16936,227.00000000000108
2010-03-31,q_16938,141.63726009518655
2010-04-30,q_17012,2227.000000000001
2010-04-30,q_17084,643.8672906940296
2010-04-30,q_16924,435.00000000000034
2010-04-30,q_17461,87.70000000000003
2010-04-30,q_16936,514.0000000000024
2010-04-30,q_16938,389.116902870002
2010-05-31,q_17012,3819.9999999999977
2010-05-31,q_17084,997.4051244061859
2010-05-31,q_16924,663.0000000000005
2010-05-31,q_17461,175.99999999999994
2010-05-31,q_16936,1128.0000000000048
2010-05-31,q_16938,623.374440066475
2010-06-30,q_17012,4279.999999999998
2010-06-30,q_17084,1241.259783289017
2010-06-30,q_16924,762.0000000000006
2010-06-30,q_17461,291.99999999999983
2010-06-30,q_16936,1683.0000000000073
2010-06-30,q_16938,688.3299239951906
2010-07-31,q_17012,4827.000000000002
2010-07-31,q_17084,1399.0839447284081
2010-07-31,q_16924,545.0000000000006
2010-07-31,q_17461,577.9999999999997
2010-07-31,q_16936,1250.000000000006
2010-07-31,q_16938,436.25892557002123
2010-08-31,q_17012,4952.999999999998
2010-08-31,q_17084,1385.6532899139777
2010-08-31,q_16924,277.00000000000017
2010-08-31,q_17461,337.9999999999996
2010-08-31,q_16936,933.0000000000044
2010-08-31,q_16938,224.780305529067
2010-09-30,q_17012,2377
2010-09-30,q_17084,694.9652626558252
2010-09-30,q_16924,169.0000000000002
2010-09-30,q_17461,180.00000000000006
2010-09-30,q_16936,486.0000000000021
2010-09-30,q_16938,116.40156387943756
2010-10-31,q_17012,1279.9999999999995
2010-10-31,q_17084,381.87093676513774
2010-10-31,q_16924,120.00000000000014
2010-10-31,q_17461,92.79999999999997
2010-10-31,q_16936,354.00000000000165
2010-10-31,q_16938,102.29966732016707
2010-11-30,q_17012,837.9999999999998
2010-11-30,q_17084,352.59522546160036
2010-11-30,q_16924,99.00000000000013
2010-11-30,q_17461,72.49999999999997
2010-11-30,q_16936,265.0000000000012
2010-11-30,q_16938,83.20237531131707
2010-12-31,q_17012,579.9999999999998
2010-12-31,q_17084,250.60129884210437
2010-12-31,q_16924,82.0000000000001
2010-12-31,q_17461,57.50000000000001
2010-12-31,q_16936,235.00000000000114
2010-12-31,q_16938,65.16247836772295
2011-01-31,q_17012,533.0000000000001
2011-01-31,q_17084,213.22132089423553
2011-01-31,q_16924,74.00000000000004
2011-01-31,q_17461,46.80000000000001
2011-01-31,q_16936,204.00000000000097
2011-01-31,q_16938,59.162692388834
2011-02-28,q_17012,570.0000000000001
2011-02-28,q_17084,203.79050958556508
2011-02-28,q_16924,66.00000000000004
2011-02-28,q_17461,43.40000000000003
2011-02-28,q_16936,214.00000000000088
2011-02-28,q_16938,57.16446378239047
2011-03-31,q_17012,648.9999999999999
2011-03-31,q_17084,238.14239429813952
2011-03-31,q_16924,82.0000000000001
2011-03-31,q_17461,44.000000000000014
2011-03-31,q_16936,209.00000000000088
2011-03-31,q_16938,75.17767241055498
2011-04-30,q_17012,969.0000000000002
2011-04-30,q_17084,544.6773376143501
2011-04-30,q_16924,244.0000000000003
2011-04-30,q_17461,60.3
2011-04-30,q_16936,476.0000000000023
2011-04-30,q_16938,175.03690030589917
2011-05-31,q_17012,2093.0000000000005
2011-05-31,q_17084,830.749382276653
2011-05-31,q_16924,383.00000000000034
2011-05-31,q_17461,160.00000000000003
2011-05-31,q_16936,778.0000000000034
2011-05-31,q_16938,312.41907276139574
2011-06-30,q_17012,2373.0000000000005
2011-06-30,q_17084,1042.7567782969184
2011-06-30,q_16924,390.0000000000004
2011-06-30,q_17461,256.9999999999998
2011-06-30,q_16936,914.0000000000038
2011-06-30,q_16938,295.0663786992847
2011-07-31,q_17012,2652.0000000000005
2011-07-31,q_17084,1281.5582935693892
2011-07-31,q_16924,261.00000000000017
2011-07-31,q_17461,317.99999999999966
2011-07-31,q_16936,744.0000000000034
2011-07-31,q_16938,163.8936154524958
2011-08-31,q_17012,2825.000000000001
2011-08-31,q_17084,1331.9285092452792
2011-08-31,q_16924,183.0000000000002
2011-08-31,q_17461,282
2011-08-31,q_16936,505.00000000000233
2011-08-31,q_16938,71.16939276002614
2011-09-30,q_17012,1558.0000000000002
2011-09-30,q_17084,765.8871700789992
2011-09-30,q_16924,126.0000000000001
2011-09-30,q_17461,143
2011-09-30,q_16936,372.0000000000018
2011-09-30,q_16938,72.17119608675614
2011-10-31,q_17012,835.0000000000001
2011-10-31,q_17084,404.077623557501
2011-10-31,q_16924,87.00000000000011
2011-10-31,q_17461,75.90000000000002
2011-10-31,q_16936,283.0000000000013
2011-10-31,q_16938,51.17528595714595
2011-11-30,q_17012,811
2011-11-30,q_17084,367.0653086826553
2011-11-30,q_16924,87.00000000000011
2011-11-30,q_17461,73.99999999999997
2011-11-30,q_16936,252.00000000000117
2011-11-30,q_16938,96.26350738539195
2011-12-31,q_17012,871
2011-12-31,q_17084,237.8056525713088
2011-12-31,q_16924,74.00000000000004
2011-12-31,q_17461,55.70000000000002
2011-12-31,q_16936,228.00000000000108
2011-12-31,q_16938,58.16346783053169
2012-01-31,q_17012,833.0000000000001
2012-01-31,q_17084,194.35898346915027
2012-01-31,q_16924,70.00000000000007
2012-01-31,q_17461,49.30000000000001
2012-01-31,q_16936,190.00000000000085
2012-01-31,q_16938,51.17528595714595
2012-02-29,q_17012,836.9999999999998
2012-02-29,q_17084,174.81982321678288
2012-02-29,q_16924,65.00000000000003
2012-02-29,q_17461,48.000000000000014
2012-02-29,q_16936,187.00000000000085
2012-02-29,q_16938,38.23111126012128
2012-03-31,q_17012,1115
2012-03-31,q_17084,203.79050958556508
2012-03-31,q_16924,76.00000000000009
2012-03-31,q_17461,47.90000000000003
2012-03-31,q_16936,178.0000000000008
2012-03-31,q_16938,40.219288609560124
2012-04-30,q_17012,2630.000000000001
2012-04-30,q_17084,821.6759101249859
2012-04-30,q_16924,392.00000000000034
2012-04-30,q_17461,94.69999999999999
2012-04-30,q_16936,522.0000000000025
2012-04-30,q_16938,221.73030896020123
2012-05-31,q_17012,2973
2012-05-31,q_17084,807.8973591922537
2012-05-31,q_16924,478.0000000000003
2012-05-31,q_17461,141.00000000000003
2012-05-31,q_16936,563.0000000000027
2012-05-31,q_16938,269.5720773967742
2012-06-30,q_17012,4192.999999999997
2012-06-30,q_17084,1258.0510866771497
2012-06-30,q_16924,599.000000000001
2012-06-30,q_17461,318.99999999999966
2012-06-30,q_16936,831.0000000000038
2012-06-30,q_16938,275.6879535073356
2012-07-31,q_17012,4837.000000000003
2012-07-31,q_17084,1536.7362815230608
2012-07-31,q_16924,389.0000000000004
2012-07-31,q_17461,423.9999999999998
2012-07-31,q_16936,628.0000000000031
2012-07-31,q_16938,148.71421742766702
2012-08-31,q_17012,3190.0000000000014
2012-08-31,q_17084,1143.8626934911342
2012-08-31,q_16924,224.0000000000002
2012-08-31,q_17461,300.9999999999998
2012-08-31,q_16936,523.0000000000023
2012-08-31,q_16938,49.18084061402021
2012-09-30,q_17012,2513.0000000000005
2012-09-30,q_17084,770.592495818519
2012-09-30,q_16924,144.0000000000001
2012-09-30,q_17461,191
2012-09-30,q_16936,346.0000000000016
2012-09-30,q_16938,60.16213388953494
2012-10-31,q_17012,1489.9999999999993
2012-10-31,q_17084,413.4980305506797
2012-10-31,q_16924,98.00000000000007
2012-10-31,q_17461,92.60000000000002
2012-10-31,q_16936,237.00000000000114
2012-10-31,q_16938,53.17072838472406
2012-11-30,q_17012,1058
2012-11-30,q_17084,257.3354159222629
2012-11-30,q_16924,79.00000000000004
2012-11-30,q_17461,70.19999999999999
2012-11-30,q_16936,225.00000000000108
2012-11-30,q_16938,64.16200185194275
2012-12-31,q_17012,907.0000000000003
2012-12-31,q_17084,181.89473969819133
2012-12-31,q_16924,66.00000000000004
2012-12-31,q_17461,59.39999999999999
2012-12-31,q_16936,167.0000000000007
2012-12-31,q_16938,72.17119608675614
2013-01-31,q_17012,908
2013-01-31,q_17084,152.2442398220334
2013-01-31,q_16924,63.000000000000036
2013-01-31,q_17461,57.79999999999998
2013-01-31,q_16936,154.0000000000007
2013-01-31,q_16938,57.16446378239047
2013-02-28,q_17012,993.0000000000002
2013-02-28,q_17084,171.45065186564554
2013-02-28,q_16924,65.00000000000003
2013-02-28,q_17461,52.10000000000004
2013-02-28,q_16936,159.00000000000065
2013-02-28,q_16938,56.16568393231653
2013-03-31,q_17012,1141.0000000000005
2013-03-31,q_17084,247.57084987794053
2013-03-31,q_16924,105.00000000000007
2013-03-31,q_17461,49.700000000000024
2013-03-31,q_16936,187.00000000000085
2013-03-31,q_16938,72.17119608675614
2013-04-30,q_17012,1580.0000000000007
2013-04-30,q_17084,452.5217640396595
2013-04-30,q_16924,214.0000000000001
2013-04-30,q_17461,62.39999999999997
2013-04-30,q_16936,314.0000000000014
2013-04-30,q_16938,138.60566968508198
2013-05-31,q_17012,2162.9999999999995
2013-05-31,q_17084,745.7209466826639
2013-05-31,q_16924,335.0000000000003
2013-05-31,q_17461,125
2013-05-31,q_16936,445.00000000000205
2013-05-31,q_16938,222.74691420383922
2013-06-30,q_17012,3011.9999999999986
2013-06-30,q_17084,1149.908415445959
2013-06-30,q_16924,484.0000000000005
2013-06-30,q_17461,348.99999999999955
2013-06-30,q_16936,947.0000000000039
2013-06-30,q_16938,286.90495628574644
2013-07-31,q_17012,3137.0000000000023
2013-07-31,q_17084,1241.259783289017
2013-07-31,q_16924,306.00000000000017
2013-07-31,q_17461,338.99999999999983
2013-07-31,q_16936,672.0000000000031
2013-07-31,q_16938,129.51613459472767
2013-08-31,q_17012,3072.999999999998
2013-08-31,q_17084,1330.249553176711
2013-08-31,q_16924,223.00000000000014
2013-08-31,q_17461,307.99999999999983
2013-08-31,q_16936,635.000000000003
2013-08-31,q_16938,79.18871146729548
2013-09-30,q_17012,1530.0000000000005
2013-09-30,q_17084,760.1734963694438
2013-09-30,q_16924,134.00000000000014
2013-09-30,q_17461,163.99999999999994
2013-09-30,q_16936,344.0000000000017
2013-09-30,q_16938,58.16346783053169
2013-10-31,q_17012,1059
2013-10-31,q_17084,437.0475240227946
2013-10-31,q_16924,98.00000000000007
2013-10-31,q_17461,100.00000000000003
2013-10-31,q_16936,251.00000000000114
2013-10-31,q_16938,45.19509868430077
2013-11-30,q_17012,715.0000000000001
2013-11-30,q_17084,249.59115589557538
2013-11-30,q_16924,76.00000000000009
2013-11-30,q_17461,66.1
2013-11-30,q_16936,200.00000000000088
2013-11-30,q_16938,47.1874309483261
2013-12-31,q_17012,568
2013-12-31,q_17084,208.16918746128567
2013-12-31,q_16924,72.00000000000006
2013-12-31,q_17461,50.70000000000003
2013-12-31,q_16936,177.00000000000077
2013-12-31,q_16938,62.161654013432766
2014-01-31,q_17012,522.0000000000001
2014-01-31,q_17084,187.62172240213548
2014-01-31,q_16924,67.00000000000007
2014-01-31,q_17461,48.500000000000036
2014-01-31,q_16936,157.0000000000007
2014-01-31,q_16938,53.17072838472406
2014-02-28,q_17012,749.9999999999998
2014-02-28,q_17084,165.38586905983144
2014-02-28,q_16924,60.000000000000064
2014-02-28,q_17461,47.200000000000024
2014-02-28,q_16936,150.00000000000065
2014-02-28,q_16938,51.17528595714595
2014-03-31,q_17012,938
2014-03-31,q_17084,195.7063893841607
2014-03-31,q_16924,82.0000000000001
2014-03-31,q_17461,55.100000000000016
2014-03-31,q_16936,165.0000000000008
2014-03-31,q_16938,49.18084061402021
2014-04-30,q_17012,1319.9999999999998
2014-04-30,q_17084,345.1915527646337
2014-04-30,q_16924,208.00000000000017
2014-04-30,q_17461,55.200000000000024
2014-04-30,q_16936,210.00000000000097
2014-04-30,q_16938,101.29331300265378
2014-05-31,q_17012,2467.000000000001
2014-05-31,q_17084,869.0578233635732
2014-05-31,q_16924,559.0000000000008
2014-05-31,q_17461,120.00000000000003
2014-05-31,q_16936,617.0000000000025
2014-05-31,q_16938,188.21809650580454
2014-06-30,q_17012,3576.0000000000005
2014-06-30,q_17084,1219.43052986313
2014-06-30,q_16924,494.00000000000045
2014-06-30,q_17461,244.9999999999997
2014-06-30,q_16936,726.0000000000032
2014-06-30,q_16938,232.91624375887957
2014-07-31,q_17012,4182.999999999999
2014-07-31,q_17084,1483.0208136325725
2014-07-31,q_16924,299.0000000000002
2014-07-31,q_17461,294.99999999999966
2014-07-31,q_16936,561.0000000000024
2014-07-31,q_16938,75.17767241055498
2014-08-31,q_17012,2588.0000000000005
2014-08-31,q_17084,1125.0534435819498
2014-08-31,q_16924,173.00000000000017
2014-08-31,q_17461,208.99999999999977
2014-08-31,q_16936,348.0000000000015
2014-08-31,q_16938,36.244250365358006
2014-09-30,q_17012,1722
2014-09-30,q_17084,787.0607660293341
2014-09-30,q_16924,122.00000000000006
2014-09-30,q_17461,124.00000000000004
2014-09-30,q_16936,265.0000000000012
2014-09-30,q_16938,47.1874309483261
2014-10-31,q_17012,1076
2014-10-31,q_17084,359.9986431123202
2014-10-31,q_16924,106.00000000000006
2014-10-31,q_17461,76.00000000000001
2014-10-31,q_16936,256.0000000000012
2014-10-31,q_16938,68.1650830695325
2014-11-30,q_17012,897.9999999999998
2014-11-30,q_17084,239.1526148024285
2014-11-30,q_16924,96.00000000000009
2014-11-30,q_17461,57.600000000000016
2014-11-30,q_16936,190.00000000000085
2014-11-30,q_16938,74.17533824035951
2014-12-31,q_17012,867.0000000000003
2014-12-31,q_17084,185.60046750921714
2014-12-31,q_16924,84.0000000000001
2014-12-31,q_17461,45.30000000000001
2014-12-31,q_16936,154.0000000000007
2014-12-31,q_16938,71.16939276002614
2015-01-31,q_17012,779.0000000000001
2015-01-31,q_17084,174.48291089528786
2015-01-31,q_16924,79.00000000000004
2015-01-31,q_17461,37.90000000000001
2015-01-31,q_16936,205.00000000000094
2015-01-31,q_16938,60.16213388953494
2015-02-28,q_17012,930.0000000000001
2015-02-28,q_17084,187.9585947428632
2015-02-28,q_16924,84.0000000000001
2015-02-28,q_17461,46.60000000000003
2015-02-28,q_16936,205.00000000000094
2015-02-28,q_16938,63.16172605152354
2015-03-31,q_17012,1253.9999999999995
2015-03-31,q_17084,278.5460309443459
2015-03-31,q_16924,100.00000000000011
2015-03-31,q_17461,47.10000000000003
2015-03-31,q_16936,220.0000000000009
2015-03-31,q_16938,76.18017897230682
2015-04-30,q_17012,1897.9999999999998
2015-04-30,q_17084,590.4089767382214
2015-04-30,q_16924,236.00000000000028
2015-04-30,q_17461,66.19999999999999
2015-04-30,q_16936,323.0000000000013
2015-04-30,q_16938,205.47306172804866
2015-05-31,q_17012,3089.000000000002
2015-05-31,q_17084,1022.2649596392484
2015-05-31,q_16924,453.00000000000057
2015-05-31,q_17461,155
2015-05-31,q_16936,783.0000000000033
2015-05-31,q_16938,350.2292872773863
2015-06-30,q_17012,4209.000000000004
2015-06-30,q_17084,1227.826471963125
2015-06-30,q_16924,505.00000000000057
2015-06-30,q_17461,364.99999999999955
2015-06-30,q_16936,1005.0000000000045
2015-06-30,q_16938,257.3457845394788
2015-07-31,q_17012,5389.999999999998
2015-07-31,q_17084,1764.9937946070575
2015-07-31,q_16924,346.00000000000034
2015-07-31,q_17461,488.9999999999994
2015-07-31,q_16936,950.0000000000042
2015-07-31,q_16938,140.62663549989955
2015-08-31,q_17012,3320.9999999999977
2015-08-31,q_17084,1362.1491277413472
2015-08-31,q_16924,181.0000000000001
2015-08-31,q_17461,293.99999999999983
2015-08-31,q_16936,619.000000000003
2015-08-31,q_16938,51.17528595714595
2015-09-30,q_17012,1582.0000000000002
2015-09-30,q_17084,634.1175943298367
2015-09-30,q_16924,115.00000000000009
2015-09-30,q_17461,134.00000000000003
2015-09-30,q_16936,335.0000000000015
2015-09-30,q_16938,55.16713209454762
2015-10-31,q_17012,1099.9999999999998
2015-10-31,q_17084,352.93174993826415
2015-10-31,q_16924,106.00000000000006
2015-10-31,q_17461,85.59999999999998
2015-10-31,q_16936,276.00000000000125
2015-10-31,q_16938,42.20872048792515
2015-11-30,q_17012,974.0000000000001
2015-11-30,q_17084,287.972108564649
2015-11-30,q_16924,114.00000000000011
2015-11-30,q_17461,71.3
2015-11-30,q_16936,240.00000000000102
2015-11-30,q_16938,75.17767241055498
2015-12-31,q_17012,791.0000000000001
2015-12-31,q_17084,218.94683538462724
2015-12-31,q_16924,110.00000000000007
2015-12-31,q_17461,53.89999999999998
2015-12-31,q_16936,220.0000000000009
2015-12-31,q_16938,63.16172605152354
2016-01-31,q_17012,761.0000000000002
2016-01-31,q_17084,189.30607424292597
2016-01-31,q_16924,93.00000000000007
2016-01-31,q_17461,41.60000000000003
2016-01-31,q_16936,212.00000000000102
2016-01-31,q_16938,49.18084061402021
2016-02-29,q_17012,775.9999999999999
2016-02-29,q_17084,174.48291089528786
2016-02-29,q_16924,89.7000000000001
2016-02-29,q_17461,37.30000000000001
2016-02-29,q_16936,210.00000000000097
2016-02-29,q_16938,49.18084061402021
2016-03-31,q_17012,828.9999999999998
2016-03-31,q_17084,255.65191402482216
2016-03-31,q_16924,144.0000000000001
2016-03-31,q_17461,39.30000000000001
2016-03-31,q_16936,224.000000000001
2016-03-31,q_16938,61.16178887922668
2016-04-30,q_17012,1234.0000000000005
2016-04-30,q_17084,422.2452357522367
2016-04-30,q_16924,244.0000000000003
2016-04-30,q_17461,57.79999999999998
2016-04-30,q_16936,287.0000000000013
2016-04-30,q_16938,96.26350738539195
2016-05-31,q_17012,2855
2016-05-31,q_17084,1040.7412191387639
2016-05-31,q_16924,496.0000000000005
2016-05-31,q_17461,247.99999999999994
2016-05-31,q_16936,738.0000000000031
2016-05-31,q_16938,266.5148141805529
2016-06-30,q_17012,3847.9999999999977
2016-06-30,q_17084,1425.9446204974645
2016-06-30,q_16924,627.000000000001
2016-06-30,q_17461,416.99999999999966
2016-06-30,q_16936,1279.0000000000057
2016-06-30,q_16938,272.62979214394653
2016-07-31,q_17012,3362.999999999998
2016-07-31,q_17084,1472.9488107152772
2016-07-31,q_16924,437.0000000000005
2016-07-31,q_17461,418.9999999999996
2016-07-31,q_16936,1056.0000000000048
2016-07-31,q_16938,122.45218543919397
2016-08-31,q_17012,2336.999999999999
2016-08-31,q_17084,1170.7321706265773
2016-08-31,q_16924,246.00000000000028
2016-08-31,q_17461,263.9999999999997
2016-08-31,q_16936,666.0000000000027
2016-08-31,q_16938,49.479942367782755
2016-09-30,q_17012,1302
2016-09-30,q_17084,754.4597520979154
2016-09-30,q_16924,150.0000000000001
2016-09-30,q_17461,170.00000000000009
2016-09-30,q_16936,405.00000000000176
2016-09-30,q_16938,51.17528595714595
2016-10-31,q_17012,837.9999999999998
2016-10-31,q_17084,385.2357195432943
2016-10-31,q_16924,124.00000000000016
2016-10-31,q_17461,102.99999999999999
2016-10-31,q_16936,420.00000000000176
2016-10-31,q_16938,46.58961615500949
2016-11-30,q_17012,584.0000000000002
2016-11-30,q_17084,241.50976884149864
2016-11-30,q_16924,106.00000000000006
2016-11-30,q_17461,69.3
2016-11-30,q_16936,262.0000000000012
2016-11-30,q_16938,70.36808081117213
2016-12-31,q_17012,498.00000000000006
2016-12-31,q_17084,229.7236141801668
2016-12-31,q_16924,111.00000000000006
2016-12-31,q_17461,61.799999999999976
2016-12-31,q_16936,234.00000000000105
2016-12-31,q_16938,90.63416809608692
2017-01-31,q_17012,453.99999999999955
2017-01-31,q_17084,191.32726409664312
2017-01-31,q_16924,89.00000000000007
2017-01-31,q_17461,48.30000000000002
2017-01-31,q_16936,215.00000000000102
2017-01-31,q_16938,69.96746884285974
2017-02-28,q_17012,744.0000000000001
2017-02-28,q_17084,203.45368187223093
2017-02-28,q_16924,101.00000000000004
2017-02-28,q_17461,49.20000000000002
2017-02-28,q_16936,210.00000000000097
2017-02-28,q_16938,62.76167261104643
2017-03-31,q_17012,882.9999999999999
2017-03-31,q_17084,251.61143511649368
2017-03-31,q_16924,117.00000000000014
2017-03-31,q_17461,58.1
2017-03-31,q_16936,224.000000000001
2017-03-31,q_16938,67.16402180538306
2017-04-30,q_17012,2132
2017-04-30,q_17084,640.5053540115215
2017-04-30,q_16924,443.0000000000004
2017-04-30,q_17461,90.90000000000005
2017-04-30,q_16936,459.00000000000216
2017-04-30,q_16938,311.397971425639
2017-05-31,q_17012,3580.0000000000014
2017-05-31,q_17084,1327.8990088271955
2017-05-31,q_16924,822.0000000000015
2017-05-31,q_17461,194
2017-05-31,q_16936,1180.0000000000052
2017-05-31,q_16938,492.71129878803026
2017-06-30,q_17012,4310.000000000001
2017-06-30,q_17084,1560.2358215468857
2017-06-30,q_16924,827.0000000000007
2017-06-30,q_17461,350.99999999999955
2017-06-30,q_16936,1343.0000000000061
2017-06-30,q_16938,380.92564668321285
2017-07-31,q_17012,4293.999999999999
2017-07-31,q_17084,1637.4445446642876
2017-07-31,q_16924,593.0000000000013
2017-07-31,q_17461,391.9999999999996
2017-07-31,q_16936,1090.0000000000045
2017-07-31,q_16938,276.7074390424641
2017-08-31,q_17012,3128.000000000002
2017-08-31,q_17084,1281.5582935693892
2017-08-31,q_16924,322.0000000000002
2017-08-31,q_17461,271.9999999999998
2017-08-31,q_16936,603.0000000000027
2017-08-31,q_16938,68.36531813479247
2017-09-30,q_17012,1869.9999999999993
2017-09-30,q_17084,793.1101918542884
2017-09-30,q_16924,209.00000000000014
2017-09-30,q_17461,155
2017-09-30,q_16936,373.00000000000176
2017-09-30,q_16938,42.20872048792515
2017-10-31,q_17012,1076
2017-10-31,q_17084,380.5250100557906
2017-10-31,q_16924,139.00000000000006
2017-10-31,q_17461,62.89999999999997
2017-10-31,q_16936,316.0000000000013
2017-10-31,q_16938,78.18570060059376
2017-11-30,q_17012,671
2017-11-30,q_17084,272.8228012098387
2017-11-30,q_16924,94.60000000000011
2017-11-30,q_17461,50.50000000000002
2017-11-30,q_16936,244.0000000000012
2017-11-30,q_16938,45.49387810323969
2017-12-31,q_17012,521.0000000000002
2017-12-31,q_17084,212.21091003890353
2017-12-31,q_16924,91.10000000000007
2017-12-31,q_17461,45.500000000000014
2017-12-31,q_16936,230.00000000000097
2017-12-31,q_16938,48.98145237926883
2018-01-31,q_17012,411.0000000000001
2018-01-31,q_17084,175.49364467541213
2018-01-31,q_16924,79.1000000000001
2018-01-31,q_17461,42.500000000000014
2018-01-31,q_16936,218.000000000001
2018-01-31,q_16938,43.701583608668535
2018-02-28,q_17012,536.0000000000001
2018-02-28,q_17084,177.17817984111295
2018-02-28,q_16924,70.00000000000007
2018-02-28,q_17461,40.10000000000003
2018-02-28,q_16936,213.00000000000088
2018-02-28,q_16938,42.80578613060214
2018-03-31,q_17012,772.0000000000003
2018-03-31,q_17084,254.30509943174079
2018-03-31,q_16924,148.00000000000014
2018-03-31,q_17461,38.500000000000014
2018-03-31,q_16936,223.00000000000094
2018-03-31,q_16938,66.96383251663737
2018-04-30,q_17012,1010.0000000000001
2018-04-30,q_17084,434.01985111011555
2018-04-30,q_16924,266.0000000000003
2018-04-30,q_17461,43.20000000000002
2018-04-30,q_16936,349.0000000000014
2018-04-30,q_16938,169.97059162452788
2018-05-31,q_17012,1958.9999999999995
2018-05-31,q_17084,660.6765445581643
2018-05-31,q_16924,398.00000000000045
2018-05-31,q_17461,92.1
2018-05-31,q_16936,608.0000000000028
2018-05-31,q_16938,257.3457845394788
2018-06-30,q_17012,3030.999999999998
2018-06-30,q_17084,1006.475721508035
2018-06-30,q_16924,478.0000000000003
2018-06-30,q_17461,215.00000000000006
2018-06-30,q_16936,1033.0000000000045
2018-06-30,q_16938,286.90495628574644
2018-07-31,q_17012,3791.0000000000027
2018-07-31,q_17084,1536.7362815230608
2018-07-31,q_16924,314.0000000000003
2018-07-31,q_17461,355.99999999999955
2018-07-31,q_16936,943.000000000004
2018-07-31,q_16938,145.68068799085358
2018-08-31,q_17012,2867
2018-08-31,q_17084,1348.7178792934094
2018-08-31,q_16924,142.00000000000009
2018-08-31,q_17461,238.99999999999977
2018-08-31,q_16936,548.0000000000024
2018-08-31,q_16938,44.59761576381328
2018-09-30,q_17012,1609.9999999999995
2018-09-30,q_17084,688.2422080587868
2018-09-30,q_16924,114.00000000000011
2018-09-30,q_17461,124.00000000000004
2018-09-30,q_16936,321.0000000000015
2018-09-30,q_16938,32.57226505555318
2018-10-31,q_17012,727
2018-10-31,q_17084,305.8129548826502
2018-10-31,q_16924,96.40000000000006
2018-10-31,q_17461,60.00000000000001
2018-10-31,q_16936,229.00000000000108
2018-10-31,q_16938,34.1595382108995
2018-11-30,q_17012,828.0000000000001
2018-11-30,q_17084,229.7236141801668
2018-11-30,q_16924,86.10000000000007
2018-11-30,q_17461,48.20000000000002
2018-11-30,q_16936,235.00000000000114
2018-11-30,q_16938,46.19112740058128
2018-12-31,q_17012,844.9999999999998
2018-12-31,q_17084,200.42219118806796
2018-12-31,q_16924,77.00000000000007
2018-12-31,q_17461,45.100000000000016
2018-12-31,q_16936,192.00000000000085
2018-12-31,q_16938,68.1650830695325
2019-01-31,q_17012,984.9999999999999
2019-01-31,q_17084,164.0380906142737
2019-01-31,q_16924,64.40000000000005
2019-01-31,q_17461,42.30000000000002
2019-01-31,q_16936,212.00000000000102
2019-01-31,q_16938,60.26208983751988
2019-02-28,q_17012,1033
2019-02-28,q_17084,162.01638894623258
2019-02-28,q_16924,58.20000000000003
2019-02-28,q_17461,41.90000000000001
2019-02-28,q_16936,208.0000000000009
2019-02-28,q_16938,44.00023514395707
2019-03-31,q_17012,988.0000000000003
2019-03-31,q_17084,217.59967780384946
2019-03-31,q_16924,107.00000000000011
2019-03-31,q_17461,44.000000000000014
2019-03-31,q_16936,211.0000000000009
2019-03-31,q_16938,42.00972249193492
2019-04-30,q_17012,2596
2019-04-30,q_17084,568.8889588493627
2019-04-30,q_16924,337.00000000000034
2019-04-30,q_17461,93
2019-04-30,q_16936,318.00000000000136
2019-04-30,q_16938,145.68068799085358
2019-05-31,q_17012,2567.999999999999
2019-05-31,q_17084,729.2512005919914
2019-05-31,q_16924,483.0000000000006
2019-05-31,q_17461,132.99999999999997
2019-05-31,q_16936,459.00000000000216
2019-05-31,q_16938,166.93174427993006
2019-06-30,q_17012,2925.999999999999
2019-06-30,q_17084,970.1925146164583
2019-06-30,q_16924,620.0000000000011
2019-06-30,q_17461,292.99999999999966
2019-06-30,q_16936,854.0000000000035
2019-06-30,q_16938,175.03690030589917
2019-07-31,q_17012,4160.000000000004
2019-07-31,q_17084,1684.4382094307507
2019-07-31,q_16924,493.0000000000006
2019-07-31,q_17461,561.9999999999997
2019-07-31,q_16936,946.0000000000042
2019-07-31,q_16938,162.88106772845947
2019-08-31,q_17012,2580.000000000001
2019-08-31,q_17084,1331.9285092452792
2019-08-31,q_16924,224.0000000000002
2019-08-31,q_17461,324.9999999999997
2019-08-31,q_16936,617.0000000000025
2019-08-31,q_16938,34.8542673708712
2019-09-30,q_17012,1263.0000000000005
2019-09-30,q_17084,701.0159204101576
2019-09-30,q_16924,146.00000000000009
2019-09-30,q_17461,145.99999999999997
2019-09-30,q_16936,365.0000000000015
2019-09-30,q_16938,40.418176314243006
2019-10-31,q_17012,922.9999999999999
2019-10-31,q_17084,365.04628434286326
2019-10-31,q_16924,107.00000000000011
2019-10-31,q_17461,82.50000000000001
2019-10-31,q_16936,281.0000000000013
2019-10-31,q_16938,29.10358901447774
2019-11-30,q_17012,681.0000000000001
2019-11-30,q_17084,222.65144898582767
2019-11-30,q_16924,86.00000000000007
2019-11-30,q_17461,63.79999999999997
2019-11-30,q_16936,235.00000000000114
2019-11-30,q_16938,29.10358901447774
2019-12-31,q_17012,522.9999999999999
2019-12-31,q_17084,167.0705668759623
2019-12-31,q_16924,72.20000000000009
2019-12-31,q_17461,49.10000000000002
2019-12-31,q_16936,217.00000000000094
2019-12-31,q_16938,36.740838550503966
2020-01-31,q_17012,520
2020-01-31,q_17084,150.8962781528418
2020-01-31,q_16924,67.60000000000008
2020-01-31,q_17461,46.30000000000001
2020-01-31,q_16936,210.00000000000097
2020-01-31,q_16938,52.971140314002376
2020-02-29,q_17012,765.9999999999999
2020-02-29,q_17084,152.91821333087236
2020-02-29,q_16924,71.80000000000004
2020-02-29,q_17461,45.30000000000001
2020-02-29,q_16936,209.00000000000088
2020-02-29,q_16938,51.873579276897985
2020-03-31,q_17012,1046.0000000000002
2020-03-31,q_17084,200.42219118806796
2020-03-31,q_16924,107.00000000000011
2020-03-31,q_17461,40.70000000000003
2020-03-31,q_16936,213.00000000000088
2020-03-31,q_16938,51.67405453118543
2020-04-30,q_17012,1753.9999999999995
2020-04-30,q_17084,389.273395256582
2020-04-30,q_16924,201.00000000000026
2020-04-30,q_17461,48.000000000000014
2020-04-30,q_16936,360.0000000000015
2020-04-30,q_16938,83.00163171077561
2020-05-31,q_17012,2569.999999999999
2020-05-31,q_17084,755.4680650614233
2020-05-31,q_16924,348.0000000000002
2020-05-31,q_17461,141.00000000000003
2020-05-31,q_16936,626.000000000003
2020-05-31,q_16938,107.33333730777386
2020-06-30,q_17012,3332.0000000000023
2020-06-30,q_17084,1049.811185005508
2020-06-30,q_16924,391.0000000000002
2020-06-30,q_17461,301.9999999999996
2020-06-30,q_16936,649.0000000000028
2020-06-30,q_16938,72.8725652324857
2020-07-31,q_17012,2670.0000000000005
2020-07-31,q_17084,1221.109725864335
2020-07-31,q_16924,255.00000000000017
2020-07-31,q_17461,271.9999999999998
2020-07-31,q_16936,585.0000000000024
2020-07-31,q_16938,38.52925552043446
2020-08-31,q_17012,2674.999999999999
2020-08-31,q_17084,1412.514387582708
2020-08-31,q_16924,181.0000000000001
2020-08-31,q_17461,257.99999999999966
2020-08-31,q_16936,697.0000000000031
2020-08-31,q_16938,71.67027186265956
2020-09-30,q_17012,1525
2020-09-30,q_17084,708.0749127376542
2020-09-30,q_16924,121.00000000000013
2020-09-30,q_17461,114.00000000000001
2020-09-30,q_16936,411.00000000000193
2020-09-30,q_16938,60.36204791691267
2020-10-31,q_17012,858.9999999999999
2020-10-31,q_17084,316.5839536312754
2020-10-31,q_16924,77.90000000000009
2020-10-31,q_17461,62.39999999999997
2020-10-31,q_16936,238.00000000000114
2020-10-31,q_16938,36.84016647150347
2020-11-30,q_17012,823.9999999999999
2020-11-30,q_17084,229.7236141801668
2020-11-30,q_16924,63.40000000000006
2020-11-30,q_17461,55.899999999999984
2020-11-30,q_16936,219.00000000000108
2020-11-30,q_16938,48.28367568053619
2020-12-31,q_17012,718.0000000000002
2020-12-31,q_17084,195.3695393330036
2020-12-31,q_16924,58.70000000000005
2020-12-31,q_17461,47.200000000000024
2020-12-31,q_16936,211.0000000000009
2020-12-31,q_16938,56.465294122104766
2021-01-31,q_17012,639.9999999999999
2021-01-31,q_17084,161.00552267517986
2021-01-31,q_16924,53.599999999999994
2021-01-31,q_17461,46.000000000000014
2021-01-31,q_16936,198.00000000000085
2021-01-31,q_16938,43.602038882685775
2021-02-28,q_17012,547.9999999999999
2021-02-28,q_17084,162.01638894623258
2021-02-28,q_16924,57.40000000000004
2021-02-28,q_17461,41.50000000000002
2021-02-28,q_16936,197.00000000000088
2021-02-28,q_16938,51.873579276897985
2021-03-31,q_17012,854.9999999999999
2021-03-31,q_17084,223.6617805579042
2021-03-31,q_16924,72.00000000000006
2021-03-31,q_17461,41.50000000000002
2021-03-31,q_16936,199.00000000000082
2021-03-31,q_16938,61.361745199671184
2021-04-30,q_17012,1182.0000000000002
2021-04-30,q_17084,405.42341785892665
2021-04-30,q_16924,151.00000000000014
2021-04-30,q_17461,39.100000000000016
2021-04-30,q_16936,286.00000000000136
2021-04-30,q_16938,108.34044286298874
2021-05-31,q_17012,2612.9999999999995
2021-05-31,q_17084,908.7074983133836
2021-05-31,q_16924,395.00000000000034
2021-05-31,q_17461,107.00000000000003
2021-05-31,q_16936,841.0000000000035
2021-05-31,q_16938,260.4016625542721
2021-06-30,q_17012,3389.0000000000027
2021-06-30,q_17084,1150.5801590996225
2021-06-30,q_16924,347.00000000000034
2021-06-30,q_17461,186.00000000000003
2021-06-30,q_16936,749.0000000000033
2021-06-30,q_16938,151.7485504076149
2021-07-31,q_17012,3491.0000000000027
2021-07-31,q_17084,1513.2361506471398
2021-07-31,q_16924,196.00000000000017
2021-07-31,q_17461,222.00000000000003
2021-07-31,q_16936,725.0000000000031
2021-07-31,q_16938,52.272658253229714
2021-08-31,q_17012,2973.9999999999986
2021-08-31,q_17084,1261.4093029868689
2021-08-31,q_16924,133.00000000000009
2021-08-31,q_17461,170.99999999999994
2021-08-31,q_16936,501.00000000000205
2021-08-31,q_16938,36.045639253024746
2021-09-30,q_17012,2310.0000000000005
2021-09-30,q_17084,825.0364744668158
2021-09-30,q_16924,92.40000000000009
2021-09-30,q_17461,126.99999999999997
2021-09-30,q_16936,340.0000000000016
2021-09-30,q_16938,43.203889075752016
2021-10-31,q_17012,1099.9999999999998
2021-10-31,q_17084,353.94132021177876
2021-10-31,q_16924,69.70000000000007
2021-10-31,q_17461,58.300000000000004
2021-10-31,q_16936,211.0000000000009
2021-10-31,q_16938,51.47453966208376
2021-11-30,q_17012,682.9999999999998
2021-11-30,q_17084,239.82609125275206
2021-11-30,q_16924,61.000000000000064
2021-11-30,q_17461,45.40000000000001
2021-11-30,q_16936,211.0000000000009
2021-11-30,q_16938,55.36682403362213
2021-12-31,q_17012,1310.0000000000002
2021-12-31,q_17084,207.49555460638518
2021-12-31,q_16924,54.000000000000064
2021-12-31,q_17461,36.70000000000003
2021-12-31,q_16936,204.00000000000097
2021-12-31,q_16938,62.36165197066739
2022-01-31,q_17012,594.0000000000002
2022-01-31,q_17084,188.29546609554518
2022-01-31,q_16924,51.80000000000003
2022-01-31,q_17461,36.60000000000003
2022-01-31,q_16936,201.00000000000097
2022-01-31,q_16938,48.78207453893872
2022-02-28,q_17012,604.9999999999999
2022-02-28,q_17084,167.0705668759623
2022-02-28,q_16924,50.20000000000003
2022-02-28,q_17461,36.70000000000003
2022-02-28,q_16936,202.00000000000085
2022-02-28,q_16938,50.17793630710901
2022-03-31,q_17012,1399.9999999999995
2022-03-31,q_17084,337.78761954801865
2022-03-31,q_16924,97.10000000000011
2022-03-31,q_17461,48.800000000000026
2022-03-31,q_16936,213.00000000000088
2022-03-31,q_16938,98.27503130733936
2022-04-30,q_17012,1709.9999999999998
2022-04-30,q_17084,690.9314427856305
2022-04-30,q_16924,266.0000000000003
2022-04-30,q_17461,59.699999999999996
2022-04-30,q_16936,551.0000000000023
2022-04-30,q_16938,264.47689203036794
2022-05-31,q_17012,2874.000000000001
2022-05-31,q_17084,882.4987175818186
2022-05-31,q_16924,391.0000000000002
2022-05-31,q_17461,155
2022-05-31,q_16936,930.0000000000042
2022-05-31,q_16938,385.0209908280041
2022-06-30,q_17012,2790.0000000000005
2022-06-30,q_17084,1120.351050673756
2022-06-30,q_16924,384.0000000000005
2022-06-30,q_17461,254.99999999999972
2022-06-30,q_16936,998.0000000000049
2022-06-30,q_16938,256.327263227467
2022-07-31,q_17012,3910.0000000000023
2022-07-31,q_17084,1815.3379473139357
2022-07-31,q_16924,283.0000000000003
2022-07-31,q_17461,393.9999999999997
2022-07-31,q_16936,813.0000000000033
2022-07-31,q_16938,151.7485504076149
2022-08-31,q_17012,NA
2022-08-31,q_17084,1321.8547204907043
2022-08-31,q_16924,153.0000000000002
2022-08-31,q_17461,206.99999999999997
2022-08-31,q_16936,556.0000000000026
2022-08-31,q_16938,52.871349893484776
2022-09-30,q_17012,NA
2022-09-30,q_17084,702.0243550078281
2022-09-30,q_16924,112.00000000000013
2022-09-30,q_17461,130.99999999999997
2022-09-30,q_16936,356.0000000000015
2022-09-30,q_16938,41.910228002545985
2022-10-31,q_17012,NA
2022-10-31,q_17084,317.59370363096394
2022-10-31,q_16924,86.40000000000005
2022-10-31,q_17461,75
2022-10-31,q_16936,240.00000000000102
2022-10-31,q_16938,39.92098058480195
2022-11-30,q_17012,NA
2022-11-30,q_17084,276.18943050955437
2022-11-30,q_16924,82.30000000000008
2022-11-30,q_17461,61.90000000000001
2022-11-30,q_16936,235.00000000000114
2022-11-30,q_16938,56.16568393231653
2022-12-31,q_17012,NA
2022-12-31,q_17084,214.56852317801915
2022-12-31,q_16924,73.9000000000001
2022-12-31,q_17461,55.200000000000024
2022-12-31,q_16936,219.00000000000108
2022-12-31,q_16938,24.355175215972515
