name,date,swe_month
V1,2001-01-01,1089976.625
V1,2001-02-01,1379882.9330357143
V1,2001-03-01,1453275.322580645
V1,2001-04-01,1211098.28125
V1,2001-05-01,537542.9102822582
V1,2001-06-01,42057.93180338541
V1,2001-07-01,3466.72709015877
V1,2001-08-01,1571.600810389365
V1,2001-09-01,4888.779320311546
V1,2001-10-01,98463.81515404485
V1,2001-11-01,342897.7010416667
V1,2001-12-01,906732.8548387096
V1,2002-01-01,1282894.002016129
V1,2002-02-01,1544937.6875
V1,2002-03-01,1550902.9637096773
V1,2002-04-01,1223251.3979166667
V1,2002-05-01,858071.5141129033
V1,2002-06-01,258982.001953125
V1,2002-07-01,16965.959551411288
V1,2002-08-01,4510.845419606855
V1,2002-09-01,580.888163904349
V1,2002-10-01,30830.659570509382
V1,2002-11-01,98562.259375
V1,2002-12-01,620289.234375
V1,2003-01-01,1026794.3024193549
V1,2003-02-01,1384525.2723214286
V1,2003-03-01,1972725.9314516129
V1,2003-04-01,1916861.3416666666
V1,2003-05-01,1287719.5927419355
V1,2003-06-01,370596.03958333336
V1,2003-07-01,27179.796449722784
V1,2003-08-01,5674.347545992943
V1,2003-09-01,2577.9781426509226
V1,2003-10-01,23077.98116966986
V1,2003-11-01,244015.80716145836
V1,2003-12-01,532575.3215725806
V1,2004-01-01,802194.0262096773
V1,2004-02-01,1193858.6293103448
V1,2004-03-01,1782258.4879032257
V1,2004-04-01,1626553.8708333331
V1,2004-05-01,931341.7842741937
V1,2004-06-01,285587.5388020833
V1,2004-07-01,18434.520539314515
V1,2004-08-01,5326.68115234375
V1,2004-09-01,505.78293730417903
V1,2004-10-01,31442.1436920166
V1,2004-11-01,163911.41354166664
V1,2004-12-01,510196.1794354838
V1,2005-01-01,881314.8004032258
V1,2005-02-01,1476054.6830357143
V1,2005-03-01,1383782.6209677418
V1,2005-04-01,1422014.8479166667
V1,2005-05-01,633474.3296370967
V1,2005-06-01,190340.3623046875
V1,2005-07-01,5306.819020917337
V1,2005-08-01,2323.119782478579
V1,2005-09-01,1449.1883990161125
V1,2005-10-01,19538.965202085426
V1,2005-11-01,112347.52903645832
V1,2005-12-01,462781.078125
V1,2006-01-01,937814.6189516127
V1,2006-02-01,1860642.8080357143
V1,2006-03-01,2083773.3508064516
V1,2006-04-01,1793012.8875
V1,2006-05-01,550815.7379032259
V1,2006-06-01,55579.80882161457
V1,2006-07-01,7160.662251134073
V1,2006-08-01,2387.698974609375
V1,2006-09-01,525.2323706150055
V1,2006-10-01,25072.808459866425
V1,2006-11-01,103602.13229166665
V1,2006-12-01,238746.2837701613
V1,2007-01-01,344969.52116935485
V1,2007-02-01,440246.6238839285
V1,2007-03-01,614186.1008064516
V1,2007-04-01,576770.4270833333
V1,2007-05-01,143726.0171370968
V1,2007-06-01,27101.710416666665
V1,2007-07-01,5164.678096648186
V1,2007-08-01,2510.3224900768646
V1,2007-09-01,316.21896216471976
V1,2007-10-01,17606.96123676915
V1,2007-11-01,74732.15195312498
V1,2007-12-01,453720.24193548376
V1,2008-01-01,933779.8407258064
V1,2008-02-01,1123544.7672413792
V1,2008-03-01,1292528.072580645
V1,2008-04-01,1141160.1229166666
V1,2008-05-01,448536.65650201624
V1,2008-06-01,14816.317203776045
V1,2008-07-01,1288.098200059706
V1,2008-08-01,7.615913268058528
V1,2008-09-01,379.0678059836229
V1,2008-10-01,31922.178297473547
V1,2008-11-01,248620.81236979165
V1,2008-12-01,436948.2227822581
V1,2009-01-01,1021735.5685483871
V1,2009-02-01,1264243.122767857
V1,2009-03-01,1593157.439516129
V1,2009-04-01,1160313.5125
V1,2009-05-01,1010648.9637096773
V1,2009-06-01,396517.1765625
V1,2009-07-01,54761.73680065523
V1,2009-08-01,7460.125236265121
V1,2009-09-01,2426.959828694661
V1,2009-10-01,10036.80910504249
V1,2009-11-01,190244.27233072917
V1,2009-12-01,521282.9183467741
V1,2010-01-01,1032837.5322580645
V1,2010-02-01,1951090.986607143
V1,2010-03-01,2491610.1370967743
V1,2010-04-01,2124098.1625
V1,2010-05-01,945812.4798387096
V1,2010-06-01,310789.4216145833
V1,2010-07-01,16971.683278729837
V1,2010-08-01,4299.416984311996
V1,2010-09-01,4709.987053181727
V1,2010-10-01,63556.25426852318
V1,2010-11-01,117178.54088541666
V1,2010-12-01,350922.8860887097
V1,2011-01-01,469204.27721774194
V1,2011-02-01,741317.3794642857
V1,2011-03-01,1056229.2842741935
V1,2011-04-01,879104.4666666666
V1,2011-05-01,256357.91834677418
V1,2011-06-01,82965.70436197918
V1,2011-07-01,6829.28125
V1,2011-08-01,2140.4769680884574
V1,2011-09-01,709.6598819414775
V1,2011-10-01,43786.83121022868
V1,2011-11-01,733379.6520833332
V1,2011-12-01,1368489.3669354839
V1,2012-01-01,1612946.7540322582
V1,2012-02-01,1864181.3577586208
V1,2012-03-01,2258007.959677419
V1,2012-04-01,1529125.5791666666
V1,2012-05-01,723102.9899193549
V1,2012-06-01,164022.54036458337
V1,2012-07-01,7209.099585748487
V1,2012-08-01,2069.934076124622
V1,2012-09-01,2005.7040405352902
V1,2012-10-01,46524.971427671364
V1,2012-11-01,274563.03203125
V1,2012-12-01,790883.1572580645
V1,2013-01-01,1279260.3629032257
V1,2013-02-01,1646508.7098214286
V1,2013-03-01,1710985.9516129033
V1,2013-04-01,974396.90625
V1,2013-05-01,578657.2832661291
V1,2013-06-01,172850.66080729166
V1,2013-07-01,16097.7097719254
V1,2013-08-01,3876.4499432963707
V1,2013-09-01,466.2211012283961
V1,2013-10-01,3728.217129553519
V1,2013-11-01,101074.29583333331
V1,2013-12-01,328827.7842741936
V1,2014-01-01,530570.3487903227
V1,2014-02-01,1376715.3660714286
V1,2014-03-01,1536936.939516129
V1,2014-04-01,1094799.36875
V1,2014-05-01,558723.9445564518
V1,2014-06-01,153038.73346354172
V1,2014-07-01,4734.637238533267
V1,2014-08-01,838.3435046903547
V1,2014-09-01,378.54922464688605
V1,2014-10-01,44463.9519200479
V1,2014-11-01,243735.28645833337
V1,2014-12-01,862581.5927419355
V1,2015-01-01,1202565.0786290322
V1,2015-02-01,1703525.1651785714
V1,2015-03-01,1919657.0967741935
V1,2015-04-01,1722331.6999999997
V1,2015-05-01,667294.0181451613
V1,2015-06-01,141374.802734375
V1,2015-07-01,6598.963335590979
V1,2015-08-01,103.70510291957085
V1,2015-09-01,4301.179698959988
V1,2015-10-01,49723.112777217735
V1,2015-11-01,350764.3338541666
V1,2015-12-01,817365.4516129033
V1,2016-01-01,1117855.7016129033
V1,2016-02-01,1318809.4913793104
V1,2016-03-01,1179800.8669354839
V1,2016-04-01,1002190.3520833333
V1,2016-05-01,481812.81754032255
V1,2016-06-01,121494.09824218751
V1,2016-07-01,5283.406273626513
V1,2016-08-01,1891.2151548324093
V1,2016-09-01,130.38250613212585
V1,2016-10-01,152340.92584819175
V1,2016-11-01,597412.7281250001
V1,2016-12-01,1442551.5766129033
V1,2017-01-01,2168741.334677419
V1,2017-02-01,2735954.6160714286
V1,2017-03-01,3064932.1370967743
V1,2017-04-01,2466130.3
V1,2017-05-01,1200580.0221774192
V1,2017-06-01,164810.37226562496
V1,2017-07-01,5555.780588457663
V1,2017-08-01,971.2357532132057
V1,2017-09-01,3926.2622244834884
V1,2017-10-01,93767.78956653226
V1,2017-11-01,156240.14453125
V1,2017-12-01,376840.43296370964
V1,2018-01-01,923204.4536290322
V1,2018-02-01,1419300.5892857143
V1,2018-03-01,1672762.435483871
V1,2018-04-01,1386033.8041666667
V1,2018-05-01,866371.3911290322
V1,2018-06-01,306554.14791666664
V1,2018-07-01,19307.811287172382
V1,2018-08-01,2077.49550702495
V1,2018-09-01,930.5761619123319
V1,2018-10-01,76865.90642522996
V1,2018-11-01,402858.5843749999
V1,2018-12-01,928751.4778225807
V1,2019-01-01,1371038.7137096773
V1,2019-02-01,1680184.9151785714
V1,2019-03-01,1549638.4032258065
V1,2019-04-01,940468.4208333333
V1,2019-05-01,664895.2127016129
V1,2019-06-01,198841.00156249997
V1,2019-07-01,13926.387770129793
V1,2019-08-01,175.13230784862276
V1,2019-09-01,3816.4267462412504
V1,2019-10-01,14332.780462449598
V1,2019-11-01,75541.03001302082
V1,2019-12-01,318754.7857862904
V1,2020-01-01,762958.0403225806
V1,2020-02-01,1012994.010775862
V1,2020-03-01,1093214.6169354839
V1,2020-04-01,786778.2416666667
V1,2020-05-01,288806.9921875
V1,2020-06-01,44663.68574218751
V1,2020-07-01,10438.752567414316
V1,2020-08-01,3524.870652721774
V1,2020-09-01,2007.5464255909121
V1,2020-10-01,24390.1609280494
V1,2020-11-01,143106.21927083336
V1,2020-12-01,362947.6381048387
V1,2021-01-01,430028.0504032258
V1,2021-02-01,692643.2823660715
V1,2021-03-01,1235204.4375
V1,2021-04-01,1369210.1604166667
V1,2021-05-01,456752.4475806451
V1,2021-06-01,26530.207779947927
V1,2021-07-01,3935.82763671875
V1,2021-08-01,354.6979924325021
V1,2021-09-01,7.9587636808554345
V1,2021-10-01,64305.17707086379
V1,2021-11-01,224460.71276041667
V1,2021-12-01,360515.0574596774
V1,2022-01-01,469593.41633064515
V1,2022-02-01,672042.640625
V1,2022-03-01,1116610.1028225808
V1,2022-04-01,1053424.4583333335
V1,2022-05-01,326293.9390120968
V1,2022-06-01,98821.03782552082
V1,2022-07-01,6883.704227570566
V1,2022-08-01,1961.1949305380542
V10,2001-01-01,521912.87298387097
V10,2001-02-01,580270.8616071428
V10,2001-03-01,622409.9838709678
V10,2001-04-01,695888.3416666667
V10,2001-05-01,503395.64314516133
V10,2001-06-01,146320.08645833336
V10,2001-07-01,55212.02179939517
V10,2001-08-01,56195.8671875
V10,2001-09-01,85995.02327283224
V10,2001-10-01,202454.53452620967
V10,2001-11-01,351284.13229166664
V10,2001-12-01,495200.82762096776
V10,2002-01-01,614573.0907258064
V10,2002-02-01,674209.4330357143
V10,2002-03-01,783441.5282258064
V10,2002-04-01,954842.45625
V10,2002-05-01,1038103.0362903225
V10,2002-06-01,530267.4770833333
V10,2002-07-01,209290.74672379033
V10,2002-08-01,58283.54964717742
V10,2002-09-01,50773.00896606445
V10,2002-10-01,105894.15108366935
V10,2002-11-01,161107.91875
V10,2002-12-01,329507.5080645161
V10,2003-01-01,409646.38508064515
V10,2003-02-01,513963.97879464284
V10,2003-03-01,796605.5201612903
V10,2003-04-01,1431138.825
V10,2003-05-01,1450721.435483871
V10,2003-06-01,649941.3625
V10,2003-07-01,252969.72278225806
V10,2003-08-01,157691.45665322582
V10,2003-09-01,6976.810390535991
V10,2003-10-01,68665.15676978328
V10,2003-11-01,313309.2899739583
V10,2003-12-01,498147.0766129032
V10,2004-01-01,619629.6290322581
V10,2004-02-01,728104.4181034482
V10,2004-03-01,1090347.3870967743
V10,2004-04-01,1142404.2291666667
V10,2004-05-01,957785.9415322582
V10,2004-06-01,529774.0578125
V10,2004-07-01,155129.4054939516
V10,2004-08-01,97946.87752016129
V10,2004-09-01,23037.803090429305
V10,2004-10-01,57616.15316280242
V10,2004-11-01,151978.63125
V10,2004-12-01,275597.6421370968
V10,2005-01-01,401960.92237903224
V10,2005-02-01,564760.1283482143
V10,2005-03-01,646555.7278225806
V10,2005-04-01,797951.4375
V10,2005-05-01,477175.7147177419
V10,2005-06-01,293217.98020833335
V10,2005-07-01,151961.24647177418
V10,2005-08-01,79987.14264112903
V10,2005-09-01,4301.595772425335
V10,2005-10-01,50873.31142893147
V10,2005-11-01,77752.580078125
V10,2005-12-01,143476.65347782258
V10,2006-01-01,247636.88860887094
V10,2006-02-01,460682.08816964284
V10,2006-03-01,540800.9143145161
V10,2006-04-01,611347.6458333334
V10,2006-05-01,357118.90877016133
V10,2006-06-01,159780.77578125
V10,2006-07-01,81479.29397681452
V10,2006-08-01,24667.672694052417
V10,2006-09-01,16330.195475260416
V10,2006-10-01,56090.662487399204
V10,2006-11-01,119703.78255208334
V10,2006-12-01,162964.01461693548
V10,2007-01-01,193712.77368951612
V10,2007-02-01,216299.92020089287
V10,2007-03-01,311538.45866935485
V10,2007-04-01,360256.5135416667
V10,2007-05-01,167336.9203629032
V10,2007-06-01,109915.69140625
V10,2007-07-01,75764.10572076614
V10,2007-08-01,59659.9261592742
V10,2007-09-01,16692.34218401511
V10,2007-10-01,71819.08140120967
V10,2007-11-01,75657.28450520834
V10,2007-12-01,176434.63029233873
V10,2008-01-01,301880.81502016133
V10,2008-02-01,347654.5765086207
V10,2008-03-01,431495.1219758064
V10,2008-04-01,517270.42083333334
V10,2008-05-01,290690.38029233867
V10,2008-06-01,62463.30598958333
V10,2008-07-01,30104.74376260081
V10,2008-08-01,21321.521421370966
V10,2008-09-01,7725.65666975975
V10,2008-10-01,45579.473664314515
V10,2008-11-01,146845.74010416667
V10,2008-12-01,241108.55745967745
V10,2009-01-01,484166.9425403226
V10,2009-02-01,509275.08035714284
V10,2009-03-01,638473.0766129033
V10,2009-04-01,797909.5208333333
V10,2009-05-01,1054139.8810483871
V10,2009-06-01,617119.7770833333
V10,2009-07-01,284669.6910282258
V10,2009-08-01,128993.07308467741
V10,2009-09-01,50544.33681640624
V10,2009-10-01,111654.84223790323
V10,2009-11-01,173962.1822916667
V10,2009-12-01,257097.2560483871
V10,2010-01-01,405634.2157258064
V10,2010-02-01,727613.5680803572
V10,2010-03-01,998556.6048387097
V10,2010-04-01,1119385.4166666667
V10,2010-05-01,778784.4334677419
V10,2010-06-01,532328.446875
V10,2010-07-01,262040.84324596773
V10,2010-08-01,140965.38306451612
V10,2010-09-01,288935.96579276724
V10,2010-10-01,802950.1048387097
V10,2010-11-01,879597.3791666667
V10,2010-12-01,939142.7842741936
V10,2011-01-01,1002391.3104838709
V10,2011-02-01,1146057.4933035714
V10,2011-03-01,1361807.9879032257
V10,2011-04-01,1405450.7
V10,2011-05-01,944151.1008064516
V10,2011-06-01,593556.9364583333
V10,2011-07-01,278657.41129032255
V10,2011-08-01,156562.40927419355
V10,2011-09-01,21259.879638004306
V10,2011-10-01,79042.39730342741
V10,2011-11-01,367097.48125000007
V10,2011-12-01,649005.7762096775
V10,2012-01-01,717629.9495967742
V10,2012-02-01,826932.698275862
V10,2012-03-01,1087341.635080645
V10,2012-04-01,1000886.9854166667
V10,2012-05-01,832302.1955645161
V10,2012-06-01,519502.4864583334
V10,2012-07-01,252418.31199596773
V10,2012-08-01,150234.1068548387
V10,2012-09-01,28136.103695933034
V10,2012-10-01,79249.89238911291
V10,2012-11-01,105269.92135416665
V10,2012-12-01,227565.9828629032
V10,2013-01-01,312215.5131048387
V10,2013-02-01,421750.1875
V10,2013-03-01,482713.6643145161
V10,2013-04-01,432718.76458333334
V10,2013-05-01,535596.4737903225
V10,2013-06-01,299094.89895833336
V10,2013-07-01,97063.31464213709
V10,2013-08-01,28338.04322076613
V10,2013-09-01,3853.7659240722655
V10,2013-10-01,9459.834567162301
V10,2013-11-01,84667.556640625
V10,2013-12-01,118475.54989919355
V10,2014-01-01,162636.65221774194
V10,2014-02-01,370907.5011160714
V10,2014-03-01,372910.85987903224
V10,2014-04-01,384420.25833333336
V10,2014-05-01,267484.46370967745
V10,2014-06-01,171902.69479166664
V10,2014-07-01,59136.614667338705
V10,2014-08-01,44198.7105594758
V10,2014-09-01,7312.300174585977
V10,2014-10-01,82973.8933341734
V10,2014-11-01,199393.0966145833
V10,2014-12-01,365304.54737903224
V10,2015-01-01,422933.84274193546
V10,2015-02-01,554138.28125
V10,2015-03-01,660667.8830645161
V10,2015-04-01,747986.0583333333
V10,2015-05-01,496446.85685483867
V10,2015-06-01,305162.41302083334
V10,2015-07-01,90396.85282258067
V10,2015-08-01,16161.219695060483
V10,2015-09-01,16462.350824483237
V10,2015-10-01,59606.86595892137
V10,2015-11-01,176920.509375
V10,2015-12-01,294954.7631048387
V10,2016-01-01,346401.5967741936
V10,2016-02-01,404895.6788793103
V10,2016-03-01,432841.3800403226
V10,2016-04-01,653790.43125
V10,2016-05-01,683207.4697580645
V10,2016-06-01,347035.3348958333
V10,2016-07-01,89018.88495463709
V10,2016-08-01,63462.2308467742
V10,2016-09-01,4079.5681857426957
V10,2016-10-01,105355.90448588708
V10,2016-11-01,358438.2432291667
V10,2016-12-01,808616.4112903227
V10,2017-01-01,1055699.8447580645
V10,2017-02-01,1253028.5044642857
V10,2017-03-01,1607595.7096774194
V10,2017-04-01,1821176.425
V10,2017-05-01,1242995.247983871
V10,2017-06-01,371805.9505208334
V10,2017-07-01,112855.17804939514
V10,2017-08-01,26576.8767641129
V10,2017-09-01,15754.427900950119
V10,2017-10-01,119521.73135080645
V10,2017-11-01,165149.80546875
V10,2017-12-01,239466.65524193546
V10,2018-01-01,413394.36895161297
V10,2018-02-01,610465.7321428572
V10,2018-03-01,745712.9778225806
V10,2018-04-01,855478.975
V10,2018-05-01,765885.7399193548
V10,2018-06-01,423338.39427083335
V10,2018-07-01,121905.98097278227
V10,2018-08-01,31886.47549143145
V10,2018-09-01,21332.293163553873
V10,2018-10-01,49524.971144153234
V10,2018-11-01,191971.384375
V10,2018-12-01,354906.04737903224
V10,2019-01-01,444911.57157258067
V10,2019-02-01,500907.27566964284
V10,2019-03-01,492963.0030241936
V10,2019-04-01,495108.509375
V10,2019-05-01,542939.9616935484
V10,2019-06-01,313998.0098958333
V10,2019-07-01,91419.2486139113
V10,2019-08-01,25026.3800718246
V10,2019-09-01,27438.48752562205
V10,2019-10-01,65255.77066532258
V10,2019-11-01,69664.01119791667
V10,2019-12-01,131477.18976814518
V10,2020-01-01,238541.70715725806
V10,2020-02-01,285722.8863146552
V10,2020-03-01,356656.37298387097
V10,2020-04-01,422211.778125
V10,2020-05-01,358716.33366935485
V10,2020-06-01,244332.63020833334
V10,2020-07-01,212931.95766129033
V10,2020-08-01,134439.26990927418
V10,2020-09-01,44793.250356419885
V10,2020-10-01,160830.33215725806
V10,2020-11-01,208863.9109375
V10,2020-12-01,275562.1950604839
V10,2021-01-01,308358.63407258067
V10,2021-02-01,406445.40848214284
V10,2021-03-01,587418.2782258064
V10,2021-04-01,779023.8958333334
V10,2021-05-01,438371.74899193546
V10,2021-06-01,216398.915625
V10,2021-07-01,94723.14768145159
V10,2021-08-01,32414.79964717742
V10,2021-09-01,347.9213164289792
V10,2021-10-01,147101.8140672253
V10,2021-11-01,182759.16197916667
V10,2021-12-01,218939.0640120968
V10,2022-01-01,244970.53780241936
V10,2022-02-01,301258.54073660716
V10,2022-03-01,635955.2540322582
V10,2022-04-01,733896.9791666667
V10,2022-05-01,501991.8185483871
V10,2022-06-01,480262.1697916666
V10,2022-07-01,129043.82900705647
V10,2022-08-01,41114.86517137097
V2,2001-01-01,1358782
V2,2001-02-01,1651900.642857143
V2,2001-03-01,1781266.5322580645
V2,2001-04-01,1646995.8583333334
V2,2001-05-01,812862.0141129034
V2,2001-06-01,68744.34208984376
V2,2001-07-01,7171.684145035283
V2,2001-08-01,2833.1218497983873
V2,2001-09-01,7781.483278361957
V2,2001-10-01,154057.57861328125
V2,2001-11-01,527203.8604166667
V2,2001-12-01,1182400.2661290322
V2,2002-01-01,1594366.0766129033
V2,2002-02-01,1863577.357142857
V2,2002-03-01,1987520.4798387096
V2,2002-04-01,1808132.7416666667
V2,2002-05-01,1353598.689516129
V2,2002-06-01,408766.3601562499
V2,2002-07-01,28401.301663306447
V2,2002-08-01,8185.837985131048
V2,2002-09-01,1192.812632449468
V2,2002-10-01,56176.79052389823
V2,2002-11-01,145530.35651041666
V2,2002-12-01,697358.0282258063
V2,2003-01-01,1140962.6411290322
V2,2003-02-01,1532387.59375
V2,2003-03-01,2262206.2016129033
V2,2003-04-01,2636763.1333333333
V2,2003-05-01,2052854.7983870965
V2,2003-06-01,582607.9114583333
V2,2003-07-01,44294.24231350807
V2,2003-08-01,11599.971049647178
V2,2003-09-01,4107.727419884999
V2,2003-10-01,42762.14458637853
V2,2003-11-01,399514.89140624995
V2,2003-12-01,822285.2459677419
V2,2004-01-01,1142723.1411290322
V2,2004-02-01,1607395.0086206896
V2,2004-03-01,2433892.3991935486
V2,2004-04-01,2332373.2625
V2,2004-05-01,1389156.310483871
V2,2004-06-01,448630.58411458344
V2,2004-07-01,30577.186649445568
V2,2004-08-01,11542.570974042339
V2,2004-09-01,925.4725171407064
V2,2004-10-01,35261.17107169858
V2,2004-11-01,206847.11874999997
V2,2004-12-01,612644.2177419355
V2,2005-01-01,1039641.8850806451
V2,2005-02-01,1652971.674107143
V2,2005-03-01,1652207.6048387096
V2,2005-04-01,1820911.8916666666
V2,2005-05-01,755853.0100806451
V2,2005-06-01,238916.69759114584
V2,2005-07-01,10154.003134450604
V2,2005-08-01,4023.2611674647173
V2,2005-09-01,2292.7615206624064
V2,2005-10-01,28665.92306420111
V2,2005-11-01,133030.7076822917
V2,2005-12-01,497156.1018145161
V2,2006-01-01,963926.8387096773
V2,2006-02-01,1973894.263392857
V2,2006-03-01,2298099.10483871
V2,2006-04-01,2151707.9375
V2,2006-05-01,770796.2646169355
V2,2006-06-01,102350.25618489583
V2,2006-07-01,14855.631111391129
V2,2006-08-01,4845.434885332663
V2,2006-09-01,1151.3748262723284
V2,2006-10-01,44150.94773027973
V2,2006-11-01,139882.63489583333
V2,2006-12-01,280496.3674395161
V2,2007-01-01,384965.67137096776
V2,2007-02-01,481004.61383928574
V2,2007-03-01,685154.6915322581
V2,2007-04-01,732603.7885416667
V2,2007-05-01,207462.85635080648
V2,2007-06-01,51201.287565104154
V2,2007-07-01,10910.065571446574
V2,2007-08-01,4508.467986076108
V2,2007-09-01,589.9986085693042
V2,2007-10-01,24365.29865486391
V2,2007-11-01,102165.1513020833
V2,2007-12-01,537775.0015120967
V2,2008-01-01,1022203.1875
V2,2008-02-01,1224373.4051724137
V2,2008-03-01,1505591.625
V2,2008-04-01,1525313.1875
V2,2008-05-01,606515.84375
V2,2008-06-01,21638.579882812493
V2,2008-07-01,2270.943276436099
V2,2008-08-01,26.058290819967944
V2,2008-09-01,767.0659824967383
V2,2008-10-01,48137.75316201486
V2,2008-11-01,307974.73411458335
V2,2008-12-01,541897.2620967741
V2,2009-01-01,1244761.564516129
V2,2009-02-01,1475187.330357143
V2,2009-03-01,1888746.3709677418
V2,2009-04-01,1596917.8125
V2,2009-05-01,1436336.5161290322
V2,2009-06-01,576412.1098958333
V2,2009-07-01,105259.6050907258
V2,2009-08-01,17075.624464465727
V2,2009-09-01,4553.615821838379
V2,2009-10-01,15865.056981240554
V2,2009-11-01,241279.41028645835
V2,2009-12-01,606777.5786290322
V2,2010-01-01,1204694.3911290325
V2,2010-02-01,2317916.316964286
V2,2010-03-01,3058955.120967742
V2,2010-04-01,2867706.8916666666
V2,2010-05-01,1463300.4637096773
V2,2010-06-01,541925.4200520834
V2,2010-07-01,31969.040448588705
V2,2010-08-01,7497.117723034275
V2,2010-09-01,13761.79222931862
V2,2010-10-01,117803.29353578627
V2,2010-11-01,200316.30364583334
V2,2010-12-01,465875.3629032258
V2,2011-01-01,619214.1693548387
V2,2011-02-01,913117.1629464285
V2,2011-03-01,1286188.0161290322
V2,2011-04-01,1143155.9520833334
V2,2011-05-01,412463.03528225806
V2,2011-06-01,159981.01002604168
V2,2011-07-01,14041.976641255042
V2,2011-08-01,3801.9833669354834
V2,2011-09-01,1356.220136149724
V2,2011-10-01,55897.680171843516
V2,2011-11-01,911470.7593749999
V2,2011-12-01,1654992.3266129033
V2,2012-01-01,1917767.5967741935
V2,2012-02-01,2188048.4137931033
V2,2012-03-01,2647743.1532258065
V2,2012-04-01,2013825.3374999997
V2,2012-05-01,1038127.9173387096
V2,2012-06-01,271226.9151041667
V2,2012-07-01,15858.816485005042
V2,2012-08-01,4091.9476554624503
V2,2012-09-01,4873.308660236995
V2,2012-10-01,62443.79700100807
V2,2012-11-01,305400.40963541664
V2,2012-12-01,839835.4838709678
V2,2013-01-01,1304389.5685483871
V2,2013-02-01,1706421.9107142857
V2,2013-03-01,1885496.4959677418
V2,2013-04-01,1222258.9416666667
V2,2013-05-01,744635.8205645161
V2,2013-06-01,253108.45338541668
V2,2013-07-01,29135.715851814515
V2,2013-08-01,7927.168079007057
V2,2013-09-01,902.961397878329
V2,2013-10-01,6411.211534219406
V2,2013-11-01,123208.23522135416
V2,2013-12-01,345572.9450604839
V2,2014-01-01,549705.6885080645
V2,2014-02-01,1471756.3794642857
V2,2014-03-01,1623624.552419355
V2,2014-04-01,1296703.2708333333
V2,2014-05-01,675774.5463709678
V2,2014-06-01,218405.70624999996
V2,2014-07-01,9214.567689957159
V2,2014-08-01,1472.3345213859309
V2,2014-09-01,1061.7613811433316
V2,2014-10-01,60142.47356980846
V2,2014-11-01,346950.55911458336
V2,2014-12-01,1005886.7520161291
V2,2015-01-01,1338947.3870967743
V2,2015-02-01,1863628.857142857
V2,2015-03-01,2175240.879032258
V2,2015-04-01,2079854.875
V2,2015-05-01,867233.7893145162
V2,2015-06-01,210126.71888020838
V2,2015-07-01,14306.444302466605
V2,2015-08-01,257.05506808527053
V2,2015-09-01,5750.899098747968
V2,2015-10-01,59695.16007749497
V2,2015-11-01,419503.14036458335
V2,2015-12-01,932102.6129032259
V2,2016-01-01,1223927.939516129
V2,2016-02-01,1445255.1551724137
V2,2016-03-01,1402782.2298387096
V2,2016-04-01,1323462.9125
V2,2016-05-01,703063.9133064516
V2,2016-06-01,212000.7755208334
V2,2016-07-01,11598.143129410284
V2,2016-08-01,3325.882371471774
V2,2016-09-01,295.2265321652095
V2,2016-10-01,181252.61406880038
V2,2016-11-01,776556.3864583332
V2,2016-12-01,1859306.3024193547
V2,2017-01-01,2655384.3870967743
V2,2017-02-01,3258582.1964285714
V2,2017-03-01,3648197.6532258065
V2,2017-04-01,3247401.308333333
V2,2017-05-01,1694613.6754032255
V2,2017-06-01,237671.6671223959
V2,2017-07-01,9902.926434916833
V2,2017-08-01,1708.4925005512855
V2,2017-09-01,4871.913585519788
V2,2017-10-01,159279.95501512097
V2,2017-11-01,258678.584375
V2,2017-12-01,499102.49899193546
V2,2018-01-01,1124258.3245967743
V2,2018-02-01,1733428.799107143
V2,2018-03-01,2129827.955645161
V2,2018-04-01,1944973.0208333333
V2,2018-05-01,1210816.6693548388
V2,2018-06-01,443115.5851562501
V2,2018-07-01,27670.87551978328
V2,2018-08-01,3629.4424064390128
V2,2018-09-01,1963.496609710157
V2,2018-10-01,80841.76965332031
V2,2018-11-01,468332.97239583335
V2,2018-12-01,1094133.5826612902
V2,2019-01-01,1542858.1330645161
V2,2019-02-01,1854746.3794642857
V2,2019-03-01,1768057.0685483871
V2,2019-04-01,1215945.1020833333
V2,2019-05-01,861820.3205645162
V2,2019-06-01,305288.79218749993
V2,2019-07-01,24425.722120715734
V2,2019-08-01,340.62533836210923
V2,2019-09-01,5086.832104873658
V2,2019-10-01,27428.335716985886
V2,2019-11-01,96752.08938802086
V2,2019-12-01,358702.9017137096
V2,2020-01-01,824677.7782258064
V2,2020-02-01,1070455.1745689656
V2,2020-03-01,1209698.3709677418
V2,2020-04-01,963768.95
V2,2020-05-01,365031.5584677419
V2,2020-06-01,77750.95091145832
V2,2020-07-01,23832.655178931447
V2,2020-08-01,8118.319225680443
V2,2020-09-01,3055.7006221354004
V2,2020-10-01,50552.238533266136
V2,2020-11-01,172919.81679687498
V2,2020-12-01,426335.3830645161
V2,2021-01-01,516253.81350806454
V2,2021-02-01,835182.2142857143
V2,2021-03-01,1462175.4838709678
V2,2021-04-01,1689795.525
V2,2021-05-01,606203.1648185482
V2,2021-06-01,50941.43489583334
V2,2021-07-01,8339.549332157258
V2,2021-08-01,672.2223767003704
V2,2021-09-01,19.535026551534727
V2,2021-10-01,116077.7889483052
V2,2021-11-01,326791.00729166664
V2,2021-12-01,477150.06048387097
V2,2022-01-01,586080.2792338709
V2,2022-02-01,799620.4955357143
V2,2022-03-01,1438800.5060483874
V2,2022-04-01,1477745.0145833334
V2,2022-05-01,550306.3800403227
V2,2022-06-01,197375.83020833338
V2,2022-07-01,14567.423387096776
V2,2022-08-01,3536.287770917339
V3,2001-01-01,926537.2721774194
V3,2001-02-01,1140502.21875
V3,2001-03-01,1213063.814516129
V3,2001-04-01,1058557.75625
V3,2001-05-01,447919.1484375
V3,2001-06-01,27935.41104329426
V3,2001-07-01,1771.8986462008572
V3,2001-08-01,578.9195153021043
V3,2001-09-01,4498.335110425452
V3,2001-10-01,90918.79621345765
V3,2001-11-01,318697.0802083333
V3,2001-12-01,811232.2278225806
V3,2002-01-01,1119425.5504032257
V3,2002-02-01,1312256.6919642857
V3,2002-03-01,1372856.560483871
V3,2002-04-01,1159511.3770833334
V3,2002-05-01,762676.5705645161
V3,2002-06-01,190629.79205729172
V3,2002-07-01,9703.050552860383
V3,2002-08-01,1348.7483855216733
V3,2002-09-01,768.5900016784667
V3,2002-10-01,36949.33329034621
V3,2002-11-01,88566.734765625
V3,2002-12-01,478286.3790322581
V3,2003-01-01,780541.0443548387
V3,2003-02-01,1057191.0379464286
V3,2003-03-01,1588219.625
V3,2003-04-01,1780986.5416666667
V3,2003-05-01,1280340.6169354836
V3,2003-06-01,278806.08125
V3,2003-07-01,16532.66236926664
V3,2003-08-01,2582.284325384325
V3,2003-09-01,2934.5013157901676
V3,2003-10-01,19987.281080676665
V3,2003-11-01,272044.3632161458
V3,2003-12-01,579494.3084677419
V3,2004-01-01,806821.7096774194
V3,2004-02-01,1134324.1228448276
V3,2004-03-01,1707070.7419354836
V3,2004-04-01,1558150.7875
V3,2004-05-01,795886.0534274193
V3,2004-06-01,205940.0390625
V3,2004-07-01,11382.492077242941
V3,2004-08-01,2878.146775768649
V3,2004-09-01,471.38742314726125
V3,2004-10-01,19820.360356484693
V3,2004-11-01,127328.263671875
V3,2004-12-01,392629.0453629032
V3,2005-01-01,683476.0120967742
V3,2005-02-01,1123411.2232142857
V3,2005-03-01,1082241.0302419355
V3,2005-04-01,1153593.8125
V3,2005-05-01,381394.63508064515
V3,2005-06-01,108196.90830078124
V3,2005-07-01,2973.993963426158
V3,2005-08-01,1095.719000047253
V3,2005-09-01,1220.2959145074087
V3,2005-10-01,16538.93802372102
V3,2005-11-01,79021.83828125002
V3,2005-12-01,320257.23513104836
V3,2006-01-01,651899.6592741937
V3,2006-02-01,1369860.5625
V3,2006-03-01,1570342.439516129
V3,2006-04-01,1406836.9083333334
V3,2006-05-01,406374.12525201624
V3,2006-06-01,41703.79853515626
V3,2006-07-01,4336.3525390625
V3,2006-08-01,978.6214471632435
V3,2006-09-01,623.3692179903387
V3,2006-10-01,21910.53276603452
V3,2006-11-01,72985.86210937498
V3,2006-12-01,158329.80115927418
V3,2007-01-01,225409.18850806452
V3,2007-02-01,281473.07645089284
V3,2007-03-01,392781.93346774194
V3,2007-04-01,384427.0572916666
V3,2007-05-01,94893.28351814517
V3,2007-06-01,20060.341194661465
V3,2007-07-01,3030.5366762222784
V3,2007-08-01,876.4204574092741
V3,2007-09-01,391.4770481506983
V3,2007-10-01,14555.302939138104
V3,2007-11-01,62044.50846354168
V3,2007-12-01,353091.42439516133
V3,2008-01-01,697307.9576612903
V3,2008-02-01,843634.8211206896
V3,2008-03-01,993344.9072580645
V3,2008-04-01,962859.3
V3,2008-05-01,324159.4766885082
V3,2008-06-01,8285.333882649742
V3,2008-07-01,411.803362200337
V3,2008-08-01,17.614903604070985
V3,2008-09-01,494.85430423816035
V3,2008-10-01,26295.535288164698
V3,2008-11-01,180449.75221354168
V3,2008-12-01,343009.8986895162
V3,2009-01-01,868719.9415322581
V3,2009-02-01,1023683.7276785715
V3,2009-03-01,1316232.0927419355
V3,2009-04-01,1034046.3395833333
V3,2009-05-01,866976.6512096773
V3,2009-06-01,275063.1770833334
V3,2009-07-01,42896.058845766136
V3,2009-08-01,5768.175954511089
V3,2009-09-01,2634.0412671407066
V3,2009-10-01,9145.457583519723
V3,2009-11-01,156409.55234374997
V3,2009-12-01,409992.81300403224
V3,2010-01-01,842293.0050403227
V3,2010-02-01,1651574.375
V3,2010-03-01,2120747.245967742
V3,2010-04-01,1918977.4041666666
V3,2010-05-01,814106.0564516127
V3,2010-06-01,247878.50651041663
V3,2010-07-01,9914.541279454386
V3,2010-08-01,1147.2566036101312
V3,2010-09-01,7720.933122165253
V3,2010-10-01,63187.89585433467
V3,2010-11-01,102158.37239583334
V3,2010-12-01,286248.74294354836
V3,2011-01-01,396072.00705645164
V3,2011-02-01,599946.0959821428
V3,2011-03-01,847618.9576612903
V3,2011-04-01,682811.8604166667
V3,2011-05-01,196268.68296370967
V3,2011-06-01,68908.44296874998
V3,2011-07-01,4122.025634765625
V3,2011-08-01,837.2229712701612
V3,2011-09-01,769.2376739626131
V3,2011-10-01,35530.37098152405
V3,2011-11-01,605602.4885416668
V3,2011-12-01,1100463.052419355
V3,2012-01-01,1291149.8629032257
V3,2012-02-01,1491189.948275862
V3,2012-03-01,1825598.5241935484
V3,2012-04-01,1284369.879166667
V3,2012-05-01,539256.2429435484
V3,2012-06-01,117010.60761718747
V3,2012-07-01,5007.145547190021
V3,2012-08-01,1012.2462148358745
V3,2012-09-01,2430.87776481832
V3,2012-10-01,31854.991352696572
V3,2012-11-01,190064.95624999996
V3,2012-12-01,580742.2237903227
V3,2013-01-01,928947.5181451613
V3,2013-02-01,1223096.9375
V3,2013-03-01,1315897.122983871
V3,2013-04-01,742042.825
V3,2013-05-01,380363.62046370964
V3,2013-06-01,113327.27382812502
V3,2013-07-01,10389.989935105848
V3,2013-08-01,1714.2466824439264
V3,2013-09-01,477.97713784600313
V3,2013-10-01,4378.435167222254
V3,2013-11-01,81496.46126302081
V3,2013-12-01,217298.7663810484
V3,2014-01-01,351281.2167338709
V3,2014-02-01,1019248.3794642857
V3,2014-03-01,1106149.252016129
V3,2014-04-01,806345.5854166667
V3,2014-05-01,364453.01663306454
V3,2014-06-01,100581.49889322916
V3,2014-07-01,2802.8376563287543
V3,2014-08-01,379.0429269113848
V3,2014-09-01,540.8593573619924
V3,2014-10-01,32866.85416929182
V3,2014-11-01,232241.46484375
V3,2014-12-01,715820.8689516129
V3,2015-01-01,953557.4838709678
V3,2015-02-01,1331721.424107143
V3,2015-03-01,1524002.177419355
V3,2015-04-01,1379102.4895833335
V3,2015-05-01,472838.3382056451
V3,2015-06-01,93560.36569010414
V3,2015-07-01,4972.564203077749
V3,2015-08-01,152.36967842040522
V3,2015-09-01,3378.8516761109236
V3,2015-10-01,34136.498487903234
V3,2015-11-01,264219.04921875
V3,2015-12-01,615315.4173387096
V3,2016-01-01,827614.2520161291
V3,2016-02-01,989351.6788793104
V3,2016-03-01,920917.625
V3,2016-04-01,806510.0895833333
V3,2016-05-01,355969.2535282259
V3,2016-06-01,94795.2315104167
V3,2016-07-01,3897.403867660029
V3,2016-08-01,644.3301273469002
V3,2016-09-01,166.51425532971817
V3,2016-10-01,119985.40901823963
V3,2016-11-01,531332.2265625
V3,2016-12-01,1297922.7338709678
V3,2017-01-01,1871903.2701612904
V3,2017-02-01,2305645.78125
V3,2017-03-01,2571485.6612903224
V3,2017-04-01,2163564.1375
V3,2017-05-01,978089.0151209675
V3,2017-06-01,106634.2958984375
V3,2017-07-01,2513.1116017987647
V3,2017-08-01,331.838867679719
V3,2017-09-01,2947.694130300483
V3,2017-10-01,84862.55966481855
V3,2017-11-01,141356.94713541667
V3,2017-12-01,292583.86643145164
V3,2018-01-01,730319.8266129033
V3,2018-02-01,1186286.9486607143
V3,2018-03-01,1428631.2137096773
V3,2018-04-01,1226981.0583333333
V3,2018-05-01,646082.9899193549
V3,2018-06-01,205419.51653645828
V3,2018-07-01,10295.931896578884
V3,2018-08-01,610.9284175749748
V3,2018-09-01,998.9107169352471
V3,2018-10-01,49875.25892196162
V3,2018-11-01,306429.7578125
V3,2018-12-01,739486.2258064516
V3,2019-01-01,1064572.4254032257
V3,2019-02-01,1292967.1339285714
V3,2019-03-01,1199825.125
V3,2019-04-01,742696.9041666666
V3,2019-05-01,458121.15322580637
V3,2019-06-01,138296.86888020832
V3,2019-07-01,9450.269419024067
V3,2019-08-01,220.06775960614604
V3,2019-09-01,2739.2875320943685
V3,2019-10-01,13009.251212827621
V3,2019-11-01,57286.5819986979
V3,2019-12-01,237099.86643145164
V3,2020-01-01,577814.5836693548
V3,2020-02-01,745035.1487068965
V3,2020-03-01,792223.7580645161
V3,2020-04-01,557880.3166666667
V3,2020-05-01,171373.52671370967
V3,2020-06-01,32002.34534505209
V3,2020-07-01,7618.224483366934
V3,2020-08-01,2296.957228137601
V3,2020-09-01,1859.254849127929
V3,2020-10-01,27697.690902217742
V3,2020-11-01,100830.21334635414
V3,2020-12-01,267667.08366935485
V3,2021-01-01,329383.9627016129
V3,2021-02-01,539914.828125
V3,2021-03-01,953414.6088709678
V3,2021-04-01,1076049.3895833334
V3,2021-05-01,317871.6151713709
V3,2021-06-01,20171.059765625003
V3,2021-07-01,2486.094066004599
V3,2021-08-01,426.7333659510458
V3,2021-09-01,10.849706987291576
V3,2021-10-01,71507.79946997858
V3,2021-11-01,205954.10390625003
V3,2021-12-01,299693.63407258067
V3,2022-01-01,366509.6441532258
V3,2022-02-01,511897.75223214284
V3,2022-03-01,919021.4798387096
V3,2022-04-01,887127.4812499998
V3,2022-05-01,269208.1733870968
V3,2022-06-01,83811.48727213539
V3,2022-07-01,4251.423772996471
V3,2022-08-01,645.1436767578125
V4,2001-01-01,1233296.9435483871
V4,2001-02-01,1507818.763392857
V4,2001-03-01,1620714.8991935484
V4,2001-04-01,1429536.0583333333
V4,2001-05-01,583096.5438508064
V4,2001-06-01,34607.92208658853
V4,2001-07-01,2120.7185767389115
V4,2001-08-01,1290.2333787487398
V4,2001-09-01,7928.439738206068
V4,2001-10-01,122417.74603074593
V4,2001-11-01,418533.765625
V4,2001-12-01,1051981.3608870967
V4,2002-01-01,1458538.1411290322
V4,2002-02-01,1709674.7455357143
V4,2002-03-01,1827141.1491935484
V4,2002-04-01,1552236.6833333331
V4,2002-05-01,977540.9596774194
V4,2002-06-01,243683.57083333336
V4,2002-07-01,14697.415369833667
V4,2002-08-01,2080.6798450100805
V4,2002-09-01,1342.9917986551923
V4,2002-10-01,49795.08757166709
V4,2002-11-01,122994.19088541665
V4,2002-12-01,645634.0393145162
V4,2003-01-01,1045110.5201612904
V4,2003-02-01,1417213.03125
V4,2003-03-01,2133573.915322581
V4,2003-04-01,2477712.5833333335
V4,2003-05-01,1685449.7883064519
V4,2003-06-01,354105.1500000001
V4,2003-07-01,20844.23155556955
V4,2003-08-01,3040.9791929183466
V4,2003-09-01,4488.510405977072
V4,2003-10-01,26457.19540700605
V4,2003-11-01,382636.60624999995
V4,2003-12-01,806993.1290322581
V4,2004-01-01,1114486.989919355
V4,2004-02-01,1555773.7370689656
V4,2004-03-01,2374234.810483871
V4,2004-04-01,2156686.4541666666
V4,2004-05-01,1044867.8770161291
V4,2004-06-01,262384.49557291664
V4,2004-07-01,15514.540952620966
V4,2004-08-01,2952.2171276461695
V4,2004-09-01,918.3910697907207
V4,2004-10-01,29578.825087024332
V4,2004-11-01,180406.82213541667
V4,2004-12-01,544704.7580645162
V4,2005-01-01,940624.8850806451
V4,2005-02-01,1525531.9330357143
V4,2005-03-01,1483738.0806451612
V4,2005-04-01,1587146.8270833334
V4,2005-05-01,514230.0191532258
V4,2005-06-01,133967.44589843752
V4,2005-07-01,3925.706582346271
V4,2005-08-01,2054.4331881615426
V4,2005-09-01,1632.3904292404652
V4,2005-10-01,22717.23045693674
V4,2005-11-01,110119.49674479167
V4,2005-12-01,425824.6134072581
V4,2006-01-01,866350.25
V4,2006-02-01,1817782.6785714286
V4,2006-03-01,2111071.040322581
V4,2006-04-01,1923545.4708333334
V4,2006-05-01,524873.3724798387
V4,2006-06-01,46027.32936197918
V4,2006-07-01,5302.064047536542
V4,2006-08-01,1131.9668205015118
V4,2006-09-01,1000.4198605855304
V4,2006-10-01,28627.100239415322
V4,2006-11-01,99005.49140625
V4,2006-12-01,215704.90524193548
V4,2007-01-01,306108.90221774194
V4,2007-02-01,385715.4151785714
V4,2007-03-01,546818.0655241936
V4,2007-04-01,527857.5546875
V4,2007-05-01,115467.95085685483
V4,2007-06-01,23161.99225260417
V4,2007-07-01,3709.4525855279735
V4,2007-08-01,1561.2662156628023
V4,2007-09-01,910.1940322001773
V4,2007-10-01,23317.396956905242
V4,2007-11-01,88500.8516276042
V4,2007-12-01,475187.7741935483
V4,2008-01-01,923879.1008064516
V4,2008-02-01,1111660.1918103448
V4,2008-03-01,1338458.25
V4,2008-04-01,1311603.5958333334
V4,2008-05-01,424568.64717741945
V4,2008-06-01,10189.543261718749
V4,2008-07-01,868.0600133096018
V4,2008-08-01,587.9602936775453
V4,2008-09-01,790.9888288497924
V4,2008-10-01,35998.87688421433
V4,2008-11-01,252566.08567708332
V4,2008-12-01,470943.95060483867
V4,2009-01-01,1169004.2782258065
V4,2009-02-01,1387656.1964285714
V4,2009-03-01,1791633.1048387096
V4,2009-04-01,1435548.375
V4,2009-05-01,1182205.2217741935
V4,2009-06-01,354956.46666666656
V4,2009-07-01,49022.311145413296
V4,2009-08-01,5227.149059664818
V4,2009-09-01,4566.446546427408
V4,2009-10-01,13686.046213457661
V4,2009-11-01,215145.9462890625
V4,2009-12-01,548354.5423387096
V4,2010-01-01,1115227.8709677418
V4,2010-02-01,2198482.504464286
V4,2010-03-01,2882911.830645161
V4,2010-04-01,2611761.533333333
V4,2010-05-01,1021870.0665322582
V4,2010-06-01,296259.27682291664
V4,2010-07-01,13128.008017263104
V4,2010-08-01,2090.9979602444555
V4,2010-09-01,16554.858860296008
V4,2010-10-01,93833.8055065524
V4,2010-11-01,148300.29973958334
V4,2010-12-01,384253.83669354836
V4,2011-01-01,520624.24092741933
V4,2011-02-01,789114.859375
V4,2011-03-01,1116757.439516129
V4,2011-04-01,929436.3052083333
V4,2011-05-01,263004.37096774194
V4,2011-06-01,84279.87278645832
V4,2011-07-01,6684.858233051917
V4,2011-08-01,1927.3119762789818
V4,2011-09-01,1286.4929731488228
V4,2011-10-01,49790.89938452938
V4,2011-11-01,850679.4854166667
V4,2011-12-01,1552735
V4,2012-01-01,1807101.3467741935
V4,2012-02-01,2076341.5301724137
V4,2012-03-01,2538201.7741935486
V4,2012-04-01,1764216.2729166665
V4,2012-05-01,695232.0987903227
V4,2012-06-01,139298.58756510416
V4,2012-07-01,6604.2177891885085
V4,2012-08-01,1820.7594860446068
V4,2012-09-01,3104.3569805415964
V4,2012-10-01,44631.26605027722
V4,2012-11-01,258025.1736979166
V4,2012-12-01,771537.5020161291
V4,2013-01-01,1219803.7016129033
V4,2013-02-01,1591075.513392857
V4,2013-03-01,1736238.7822580645
V4,2013-04-01,999923.8958333333
V4,2013-05-01,518603.9415322581
V4,2013-06-01,141547.7708333333
V4,2013-07-01,13044.315445438508
V4,2013-08-01,1760.099802324849
V4,2013-09-01,694.887705294291
V4,2013-10-01,6299.689571503673
V4,2013-11-01,112421.49596354166
V4,2013-12-01,300933.8518145161
V4,2014-01-01,479784.57762096776
V4,2014-02-01,1365974.294642857
V4,2014-03-01,1482684.939516129
V4,2014-04-01,1088188.0375
V4,2014-05-01,492722.4858870968
V4,2014-06-01,121763.39264322919
V4,2014-07-01,3612.5127740675407
V4,2014-08-01,1028.3214820123487
V4,2014-09-01,723.4155541797477
V4,2014-10-01,46152.16814201108
V4,2014-11-01,314342.8
V4,2014-12-01,960993.0524193548
V4,2015-01-01,1269694.252016129
V4,2015-02-01,1772467.2142857143
V4,2015-03-01,2062353.6088709678
V4,2015-04-01,1891629.6666666665
V4,2015-05-01,632443.5211693549
V4,2015-06-01,117130.84095052084
V4,2015-07-01,6283.673207929059
V4,2015-08-01,544.2229230326991
V4,2015-09-01,5182.521212631464
V4,2015-10-01,48943.39088489164
V4,2015-11-01,367643.85130208335
V4,2015-12-01,840308.5252016129
V4,2016-01-01,1109599.0967741935
V4,2016-02-01,1316481.7758620689
V4,2016-03-01,1247059.1814516129
V4,2016-04-01,1095952.0583333333
V4,2016-05-01,470139.86592741933
V4,2016-06-01,115383.64095052084
V4,2016-07-01,4886.710110572076
V4,2016-08-01,1398.3541535408267
V4,2016-09-01,285.7102613687515
V4,2016-10-01,168981.6093986265
V4,2016-11-01,726579.9406250002
V4,2016-12-01,1802852.5524193547
V4,2017-01-01,2579805.9677419355
V4,2017-02-01,3170770.1696428573
V4,2017-03-01,3549371.870967742
V4,2017-04-01,3055662.175
V4,2017-05-01,1299530.1633064516
V4,2017-06-01,139389.78476562502
V4,2017-07-01,4023.457964497228
V4,2017-08-01,891.1368112871723
V4,2017-09-01,4360.656352353098
V4,2017-10-01,113182.65032762097
V4,2017-11-01,190815.59401041668
V4,2017-12-01,395077.17842741933
V4,2018-01-01,978388.2096774193
V4,2018-02-01,1585684.6026785714
V4,2018-03-01,1958227.4838709678
V4,2018-04-01,1681224.0583333333
V4,2018-05-01,856837.3931451613
V4,2018-06-01,266791.6329427084
V4,2018-07-01,14694.626894058722
V4,2018-08-01,1162.1503020255795
V4,2018-09-01,1376.5923824310303
V4,2018-10-01,73544.2617837229
V4,2018-11-01,430379.6026041667
V4,2018-12-01,1008523.6028225807
V4,2019-01-01,1432755.2943548388
V4,2019-02-01,1724346.330357143
V4,2019-03-01,1613789.6935483871
V4,2019-04-01,1006677.45625
V4,2019-05-01,615827.7358870967
V4,2019-06-01,170945.94739583333
V4,2019-07-01,10495.052785565775
V4,2019-08-01,747.1173902942288
V4,2019-09-01,4366.665527246395
V4,2019-10-01,15939.463583669354
V4,2019-11-01,77038.09752604166
V4,2019-12-01,316098.9821068549
V4,2020-01-01,758651.1834677419
V4,2020-02-01,972846.0926724138
V4,2020-03-01,1060790.885080645
V4,2020-04-01,763508.0989583333
V4,2020-05-01,224934.81224798388
V4,2020-06-01,36649.18977864583
V4,2020-07-01,9451.134836504538
V4,2020-08-01,2666.1796323714716
V4,2020-09-01,3613.6814494609825
V4,2020-10-01,40657.613029233864
V4,2020-11-01,146144.8697916667
V4,2020-12-01,371116.4858870968
V4,2021-01-01,450234.78225806454
V4,2021-02-01,737998.7020089285
V4,2021-03-01,1307305.8870967743
V4,2021-04-01,1482481.2916666665
V4,2021-05-01,430407.57106854825
V4,2021-06-01,23367.05110677083
V4,2021-07-01,2886.0517302482353
V4,2021-08-01,1112.1483154296875
V4,2021-09-01,19.233345706512537
V4,2021-10-01,98517.94916755923
V4,2021-11-01,273185.28359375
V4,2021-12-01,395398.33971774194
V4,2022-01-01,485362.4858870968
V4,2022-02-01,674554.5022321428
V4,2022-03-01,1236941.1451612902
V4,2022-04-01,1179608.2125
V4,2022-05-01,344224.9879032259
V4,2022-06-01,96148.93118489586
V4,2022-07-01,5265.221293787804
V4,2022-08-01,1247.2753000567036
V5,2001-01-01,945636.6592741936
V5,2001-02-01,1129727.1517857143
V5,2001-03-01,1220984.1693548388
V5,2001-04-01,1157417.8208333333
V5,2001-05-01,538160.4299395162
V5,2001-06-01,47640.48561197918
V5,2001-07-01,4342.6369471396165
V5,2001-08-01,2519.6098081527216
V5,2001-09-01,13152.397905604046
V5,2001-10-01,115090.0308089718
V5,2001-11-01,357211.496875
V5,2001-12-01,789969.1088709678
V5,2002-01-01,1071381.6290322582
V5,2002-02-01,1241772.2901785714
V5,2002-03-01,1348666.5443548388
V5,2002-04-01,1282765.0333333334
V5,2002-05-01,932960.0524193549
V5,2002-06-01,265645.9554687499
V5,2002-07-01,23895.486737651216
V5,2002-08-01,4566.381300403225
V5,2002-09-01,2772.2829462687178
V5,2002-10-01,49905.543496408776
V5,2002-11-01,116356.3453125
V5,2002-12-01,486547.1300403226
V5,2003-01-01,755870.2217741936
V5,2003-02-01,1011948.0200892857
V5,2003-03-01,1519810.3467741935
V5,2003-04-01,1954771
V5,2003-05-01,1481078.7076612902
V5,2003-06-01,363498.1338541667
V5,2003-07-01,29416.171748991932
V5,2003-08-01,6637.514711441532
V5,2003-09-01,4906.719859739145
V5,2003-10-01,32714.338882938508
V5,2003-11-01,333110.77591145836
V5,2003-12-01,656739.9495967742
V5,2004-01-01,878506.4354838709
V5,2004-02-01,1185670.8448275863
V5,2004-03-01,1814071.7016129033
V5,2004-04-01,1732493.8416666666
V5,2004-05-01,959329.9596774192
V5,2004-06-01,293096.0716145834
V5,2004-07-01,25394.742565524197
V5,2004-08-01,5910.644751764113
V5,2004-09-01,2106.7005586405603
V5,2004-10-01,27260.121802545367
V5,2004-11-01,152674.8671875
V5,2004-12-01,424280.97429435485
V5,2005-01-01,709151.2721774194
V5,2005-02-01,1113136.0691964286
V5,2005-03-01,1130912.3447580645
V5,2005-04-01,1271403.8645833333
V5,2005-05-01,446803.77217741933
V5,2005-06-01,133453.11666666664
V5,2005-07-01,8009.046930128529
V5,2005-08-01,3757.4394767515128
V5,2005-09-01,1938.2017768462504
V5,2005-10-01,24827.994258757557
V5,2005-11-01,89266.25117187502
V5,2005-12-01,299411.7328629032
V5,2006-01-01,598954.1310483871
V5,2006-02-01,1249834.7589285714
V5,2006-03-01,1458076.6935483871
V5,2006-04-01,1411098.7875
V5,2006-05-01,457706.8470262096
V5,2006-06-01,57270.04166666666
V5,2006-07-01,9766.313547442038
V5,2006-08-01,2282.3465536794356
V5,2006-09-01,1625.4141263326007
V5,2006-10-01,34741.08062153478
V5,2006-11-01,102125.38906250002
V5,2006-12-01,187109.9783266129
V5,2007-01-01,252062.7016129032
V5,2007-02-01,309534.86160714284
V5,2007-03-01,440540.88407258067
V5,2007-04-01,467488.91822916665
V5,2007-05-01,123788.96875
V5,2007-06-01,33058.98955078124
V5,2007-07-01,6938.591214087702
V5,2007-08-01,3029.1931939894152
V5,2007-09-01,2192.2247172137113
V5,2007-10-01,26516.107642389114
V5,2007-11-01,74655.68053385416
V5,2007-12-01,349080.37197580637
V5,2008-01-01,655907.7580645161
V5,2008-02-01,782893.7004310344
V5,2008-03-01,964284.2197580645
V5,2008-04-01,1024038.6916666667
V5,2008-05-01,370555.70010080637
V5,2008-06-01,14026.314103190101
V5,2008-07-01,1594.6783998550904
V5,2008-08-01,809.6036160376764
V5,2008-09-01,1192.4060873667397
V5,2008-10-01,33870.66396799396
V5,2008-11-01,210520.5774739583
V5,2008-12-01,369888.3205645162
V5,2009-01-01,861636.1975806452
V5,2009-02-01,1014415.1897321428
V5,2009-03-01,1310074.1370967743
V5,2009-04-01,1190283.4833333334
V5,2009-05-01,1086209.4294354839
V5,2009-06-01,387214.99791666656
V5,2009-07-01,71418.9134954637
V5,2009-08-01,12637.700762348792
V5,2009-09-01,7926.036802164712
V5,2009-10-01,17938.150567823835
V5,2009-11-01,169564.5481770833
V5,2009-12-01,399800.95967741933
V5,2010-01-01,790667.6834677418
V5,2010-02-01,1542088.223214286
V5,2010-03-01,2070682.314516129
V5,2010-04-01,1997921.0666666667
V5,2010-05-01,887925.3911290322
V5,2010-06-01,303578.59361979156
V5,2010-07-01,19576.5144436744
V5,2010-08-01,4887.946871849798
V5,2010-09-01,36733.155118099836
V5,2010-10-01,136682.03427419352
V5,2010-11-01,188353.55104166668
V5,2010-12-01,348270.18800403224
V5,2011-01-01,443544.1370967742
V5,2011-02-01,640347.9933035715
V5,2011-03-01,884773.6169354839
V5,2011-04-01,800167.6447916667
V5,2011-05-01,303281.2731854839
V5,2011-06-01,121048.79479166666
V5,2011-07-01,15341.715363533267
V5,2011-08-01,4252.2289172757055
V5,2011-09-01,2240.6561689967903
V5,2011-10-01,44763.35338174142
V5,2011-11-01,647585.9791666667
V5,2011-12-01,1176409.2137096773
V5,2012-01-01,1350520.185483871
V5,2012-02-01,1544525.6508620689
V5,2012-03-01,1891709.814516129
V5,2012-04-01,1408397.2937499997
V5,2012-05-01,658269.0403225806
V5,2012-06-01,171121.39348958328
V5,2012-07-01,14387.366116431449
V5,2012-08-01,4090.5336441532263
V5,2012-09-01,4415.010147059958
V5,2012-10-01,43662.85433467742
V5,2012-11-01,188950.31367187496
V5,2012-12-01,538171.8669354839
V5,2013-01-01,840179.4677419355
V5,2013-02-01,1093558.5066964286
V5,2013-03-01,1214975.6552419355
V5,2013-04-01,778110.6645833333
V5,2013-05-01,466710.90020161297
V5,2013-06-01,157581.79414062496
V5,2013-07-01,20746.904391381053
V5,2013-08-01,3454.0537345640123
V5,2013-09-01,886.5620543162028
V5,2013-10-01,6292.896777245308
V5,2013-11-01,87224.18502604165
V5,2013-12-01,221878.96622983873
V5,2014-01-01,344497.25705645164
V5,2014-02-01,952303.9151785715
V5,2014-03-01,1028947.4959677419
V5,2014-04-01,823128.91875
V5,2014-05-01,412887.4616935483
V5,2014-06-01,127525.9130859375
V5,2014-07-01,6916.196052797379
V5,2014-08-01,1956.6060712260585
V5,2014-09-01,1125.3479307115076
V5,2014-10-01,48996.57217111896
V5,2014-11-01,254991.27708333332
V5,2014-12-01,714966.2741935484
V5,2015-01-01,921196.6008064516
V5,2015-02-01,1270517.6651785714
V5,2015-03-01,1485236.1370967743
V5,2015-04-01,1434863.675
V5,2015-05-01,559253.5
V5,2015-06-01,143182.0282552083
V5,2015-07-01,13148.24256946195
V5,2015-08-01,919.367419827369
V5,2015-09-01,6174.508884267015
V5,2015-10-01,47152.97398721017
V5,2015-11-01,286863.52291666664
V5,2015-12-01,623011.0584677418
V5,2016-01-01,800412.4354838709
V5,2016-02-01,940571.0754310344
V5,2016-03-01,925738.1370967742
V5,2016-04-01,909537.7125
V5,2016-05-01,484701.7167338709
V5,2016-06-01,148788.1455078125
V5,2016-07-01,10336.597380607358
V5,2016-08-01,2629.585693359375
V5,2016-09-01,507.3497617453335
V5,2016-10-01,139331.85744550152
V5,2016-11-01,557847.8734375
V5,2016-12-01,1367586.5907258065
V5,2017-01-01,1920330.9838709678
V5,2017-02-01,2347716.348214286
V5,2017-03-01,2650101.806451613
V5,2017-04-01,2454491.5208333335
V5,2017-05-01,1151481.25
V5,2017-06-01,148608.78151041668
V5,2017-07-01,7422.592749810989
V5,2017-08-01,1548.275847404234
V5,2017-09-01,4647.753307657936
V5,2017-10-01,107419.5241935484
V5,2017-11-01,173000.5221354167
V5,2017-12-01,319516.2242943548
V5,2018-01-01,727942.2883064516
V5,2018-02-01,1153211.8526785714
V5,2018-03-01,1448422.2419354839
V5,2018-04-01,1353507.9291666667
V5,2018-05-01,791129.6612903227
V5,2018-06-01,281055.4830729166
V5,2018-07-01,20328.202069682466
V5,2018-08-01,2268.367159935736
V5,2018-09-01,2400.9974268754327
V5,2018-10-01,61423.129705613646
V5,2018-11-01,341199.05416666664
V5,2018-12-01,752684.2802419355
V5,2019-01-01,1040703.6431451613
V5,2019-02-01,1234647.6026785714
V5,2019-03-01,1168591.9838709678
V5,2019-04-01,821706.0166666667
V5,2019-05-01,575211.3911290322
V5,2019-06-01,192274.22239583332
V5,2019-07-01,15800.356086977072
V5,2019-08-01,1136.6659880607358
V5,2019-09-01,6112.915008772165
V5,2019-10-01,19331.11164314516
V5,2019-11-01,62157.37050781251
V5,2019-12-01,227352.25378024188
V5,2020-01-01,525692.8598790322
V5,2020-02-01,663567.9461206896
V5,2020-03-01,751346.8850806452
V5,2020-04-01,616021.690625
V5,2020-05-01,220869.04586693546
V5,2020-06-01,49653.666015625
V5,2020-07-01,18453.457488029235
V5,2020-08-01,6034.110209803427
V5,2020-09-01,6748.90670296053
V5,2020-10-01,53310.55853074597
V5,2020-11-01,131049.10755208334
V5,2020-12-01,288741.6310483871
V5,2021-01-01,346672.3316532258
V5,2021-02-01,560539.3203125
V5,2021-03-01,976299.9858870967
V5,2021-04-01,1162573.85625
V5,2021-05-01,383248.0219254032
V5,2021-06-01,37479.4716796875
V5,2021-07-01,6287.271039409021
V5,2021-08-01,1805.4551608177921
V5,2021-09-01,47.30932350754737
V5,2021-10-01,107147.63635253906
V5,2021-11-01,229345.71171875
V5,2021-12-01,313056.4183467742
V5,2022-01-01,373657.02116935485
V5,2022-02-01,502803.8984375
V5,2022-03-01,968621.7076612903
V5,2022-04-01,976875.3645833333
V5,2022-05-01,347912.33266129036
V5,2022-06-01,127320.26295572918
V5,2022-07-01,9831.800096081151
V5,2022-08-01,2376.2650107106856
V6,2001-01-01,1189524.1209677418
V6,2001-02-01,1404982.142857143
V6,2001-03-01,1516787.7016129033
V6,2001-04-01,1446145.1958333333
V6,2001-05-01,728218.3185483873
V6,2001-06-01,91183.45358072914
V6,2001-07-01,11491.517688382059
V6,2001-08-01,8154.615470640121
V6,2001-09-01,26349.91514819462
V6,2001-10-01,175022.05758568546
V6,2001-11-01,502134.478125
V6,2001-12-01,1021340.9032258064
V6,2002-01-01,1363324.8991935484
V6,2002-02-01,1561213.7589285714
V6,2002-03-01,1711856.6209677418
V6,2002-04-01,1683722.5125
V6,2002-05-01,1308882.7963709678
V6,2002-06-01,429184.8200520832
V6,2002-07-01,56331.198021673394
V6,2002-08-01,11632.913306451614
V6,2002-09-01,8563.666530354818
V6,2002-10-01,76386.74924395159
V6,2002-11-01,162254.69140625
V6,2002-12-01,616045.7782258064
V6,2003-01-01,940207.6774193549
V6,2003-02-01,1252795.40625
V6,2003-03-01,1901193.8870967743
V6,2003-04-01,2625144.495833333
V6,2003-05-01,2032165.6169354836
V6,2003-06-01,569334.7510416667
V6,2003-07-01,70366.08707157259
V6,2003-08-01,24331.50504032258
V6,2003-09-01,7369.837614488603
V6,2003-10-01,54319.96908077117
V6,2003-11-01,463986.19921875
V6,2003-12-01,892804.0907258064
V6,2004-01-01,1175235.1794354839
V6,2004-02-01,1561140.7327586208
V6,2004-03-01,2404757.25
V6,2004-04-01,2298869.225
V6,2004-05-01,1299738.0524193547
V6,2004-06-01,470434.9124999999
V6,2004-07-01,54201.22234122983
V6,2004-08-01,19466.512726814515
V6,2004-09-01,5409.11086464723
V6,2004-10-01,39512.6082094254
V6,2004-11-01,197059.31588541664
V6,2004-12-01,527600.9284274193
V6,2005-01-01,878447.3447580645
V6,2005-02-01,1367878.6205357143
V6,2005-03-01,1392475.0806451612
V6,2005-04-01,1581243.54375
V6,2005-05-01,580521.1754032258
V6,2005-06-01,206326.09010416668
V6,2005-07-01,28590.157384072583
V6,2005-08-01,12223.248802923386
V6,2005-09-01,2977.228145726523
V6,2005-10-01,35800.80727066532
V6,2005-11-01,107159.28789062498
V6,2005-12-01,338629.62449596776
V6,2006-01-01,684570.7822580645
V6,2006-02-01,1487092.3035714286
V6,2006-03-01,1747525.5161290322
V6,2006-04-01,1727688.9145833333
V6,2006-05-01,594433.0690524193
V6,2006-06-01,105187.56197916665
V6,2006-07-01,25092.163715977826
V6,2006-08-01,5625.919480846775
V6,2006-09-01,4062.0805948893226
V6,2006-10-01,57646.41179435484
V6,2006-11-01,152404.02291666664
V6,2006-12-01,245904.6224798387
V6,2007-01-01,317598.9455645161
V6,2007-02-01,383462.90290178574
V6,2007-03-01,537185.4778225806
V6,2007-04-01,600296.7166666666
V6,2007-05-01,185149.11743951612
V6,2007-06-01,65762.49375
V6,2007-07-01,18380.56045236895
V6,2007-08-01,9100.775863155242
V6,2007-09-01,4303.467191349964
V6,2007-10-01,40477.53597530242
V6,2007-11-01,98727.24251302084
V6,2007-12-01,426876.47429435485
V6,2008-01-01,787336.0947580645
V6,2008-02-01,939048.1443965517
V6,2008-03-01,1174222.75
V6,2008-04-01,1281749.0875
V6,2008-05-01,474020.7454637096
V6,2008-06-01,26066.2060546875
V6,2008-07-01,4764.762199155746
V6,2008-08-01,3019.381135017641
V6,2008-09-01,2326.0809917211536
V6,2008-10-01,49058.147019909266
V6,2008-11-01,265070.8583333333
V6,2008-12-01,464230.11794354825
V6,2009-01-01,1094974.3427419355
V6,2009-02-01,1273751.65625
V6,2009-03-01,1638244.4072580645
V6,2009-04-01,1537327.9375
V6,2009-05-01,1428264.0181451612
V6,2009-06-01,595934.4166666667
V6,2009-07-01,144242.93598790318
V6,2009-08-01,34477.774382560485
V6,2009-09-01,16790.20807291667
V6,2009-10-01,33471.7462985131
V6,2009-11-01,213347.06041666667
V6,2009-12-01,476801.4163306452
V6,2010-01-01,953250.8225806452
V6,2010-02-01,1921160.901785714
V6,2010-03-01,2617917.25
V6,2010-04-01,2573852.1083333334
V6,2010-05-01,1196797.5564516129
V6,2010-06-01,500542.4307291667
V6,2010-07-01,60865.1001764113
V6,2010-08-01,21746.906376008068
V6,2010-09-01,81613.10536886854
V6,2010-10-01,263253.3936491936
V6,2010-11-01,336360.76145833335
V6,2010-12-01,519770.52620967745
V6,2011-01-01,622390.5907258064
V6,2011-02-01,856856.4888392857
V6,2011-03-01,1139173.5564516129
V6,2011-04-01,1055206.28125
V6,2011-05-01,505548.67842741933
V6,2011-06-01,248358.38671875
V6,2011-07-01,53149.06823336693
V6,2011-08-01,19508.865612399193
V6,2011-09-01,5562.159986058869
V6,2011-10-01,67138.1000661542
V6,2011-11-01,877056.7697916668
V6,2011-12-01,1584599.8185483871
V6,2012-01-01,1806996.5040322582
V6,2012-02-01,2058071.5948275863
V6,2012-03-01,2534074.9758064514
V6,2012-04-01,1889774.9583333335
V6,2012-05-01,923544.1713709678
V6,2012-06-01,315605.67239583336
V6,2012-07-01,52414.189957157265
V6,2012-08-01,22337.689831149193
V6,2012-09-01,10023.648281256359
V6,2012-10-01,66747.37411794355
V6,2012-11-01,228392.33320312496
V6,2012-12-01,633349.3639112904
V6,2013-01-01,982971.0362903225
V6,2013-02-01,1285670.0625
V6,2013-03-01,1435109.2661290322
V6,2013-04-01,916253.6645833333
V6,2013-05-01,627574.5856854839
V6,2013-06-01,255971.85546875
V6,2013-07-01,44351.661227318546
V6,2013-08-01,8028.787109375
V6,2013-09-01,1644.2038551330563
V6,2013-10-01,9718.635255875126
V6,2013-11-01,103678.38069661456
V6,2013-12-01,245135.4702620968
V6,2014-01-01,380585.8457661291
V6,2014-02-01,1117301.1160714286
V6,2014-03-01,1186478.6068548388
V6,2014-04-01,926860.5416666666
V6,2014-05-01,491481.87802419363
V6,2014-06-01,185826.02799479166
V6,2014-07-01,15363.777138986892
V6,2014-08-01,6047.447360131048
V6,2014-09-01,2557.043569437662
V6,2014-10-01,78571.8988470262
V6,2014-11-01,337374.8838541667
V6,2014-12-01,884635.6209677419
V6,2015-01-01,1121743.7157258065
V6,2015-02-01,1540411.6339285714
V6,2015-03-01,1809127.7862903227
V6,2015-04-01,1771011.9666666666
V6,2015-05-01,726685.03125
V6,2015-06-01,245814.12994791672
V6,2015-07-01,29943.873865927428
V6,2015-08-01,2518.490939232611
V6,2015-09-01,9560.715552075702
V6,2015-10-01,65711.38013482864
V6,2015-11-01,356794.7872395834
V6,2015-12-01,757923.3427419355
V6,2016-01-01,957326.6008064516
V6,2016-02-01,1116310.0172413792
V6,2016-03-01,1105717.1935483871
V6,2016-04-01,1125003.4729166667
V6,2016-05-01,715096.6995967742
V6,2016-06-01,258950.1309895834
V6,2016-07-01,24368.01127772177
V6,2016-08-01,10239.555632560483
V6,2016-09-01,1128.0427372137704
V6,2016-10-01,183900.02224042336
V6,2016-11-01,723368.7468749998
V6,2016-12-01,1832332.75
V6,2017-01-01,2548544.8629032257
V6,2017-02-01,3097903.5
V6,2017-03-01,3513009.5
V6,2017-04-01,3354944.45
V6,2017-05-01,1556210.6935483871
V6,2017-06-01,245970.34648437504
V6,2017-07-01,21687.97953944052
V6,2017-08-01,4351.133686680948
V6,2017-09-01,8051.005414255461
V6,2017-10-01,169084.26890120967
V6,2017-11-01,248337.28541666668
V6,2017-12-01,418536.8608870968
V6,2018-01-01,917149.8145161291
V6,2018-02-01,1450129.15625
V6,2018-03-01,1838419.8346774194
V6,2018-04-01,1721290.225
V6,2018-05-01,1065851.3487903227
V6,2018-06-01,429019.81432291656
V6,2018-07-01,38346.677198840734
V6,2018-08-01,5747.896137852823
V6,2018-09-01,5788.01749089559
V6,2018-10-01,75622.45910250756
V6,2018-11-01,410173.42239583336
V6,2018-12-01,904832.8326612904
V6,2019-01-01,1239244.6572580645
V6,2019-02-01,1460168.361607143
V6,2019-03-01,1381911.8870967743
V6,2019-04-01,991797.5916666666
V6,2019-05-01,757495.3659274194
V6,2019-06-01,307939.8505208333
V6,2019-07-01,32279.554151965734
V6,2019-08-01,3516.9754520539313
V6,2019-09-01,11368.495678067207
V6,2019-10-01,35156.36882560484
V6,2019-11-01,81842.14212239585
V6,2019-12-01,272421.12575604836
V6,2020-01-01,623347.1370967742
V6,2020-02-01,771784.125
V6,2020-03-01,874086.2983870967
V6,2020-04-01,724948.3625
V6,2020-05-01,326106.2358870968
V6,2020-06-01,101730.81458333334
V6,2020-07-01,51042.769090221766
V6,2020-08-01,21021.36466733871
V6,2020-09-01,14432.347685496014
V6,2020-10-01,97751.69770665323
V6,2020-11-01,181803.72578124996
V6,2020-12-01,364230.8256048387
V6,2021-01-01,431213.4082661291
V6,2021-02-01,687362.763392857
V6,2021-03-01,1180448.4012096773
V6,2021-04-01,1414287.1708333334
V6,2021-05-01,505885.86239919363
V6,2021-06-01,83496.298828125
V6,2021-07-01,19902.611265120966
V6,2021-08-01,4766.202124810988
V6,2021-09-01,104.4965420047442
V6,2021-10-01,163989.89419260333
V6,2021-11-01,307096.1739583333
V6,2021-12-01,394174.64012096776
V6,2022-01-01,461511.46169354836
V6,2022-02-01,607334.796875
V6,2022-03-01,1219379.0141129035
V6,2022-04-01,1252554.01875
V6,2022-05-01,540181.3225806451
V6,2022-06-01,259691.65598958332
V6,2022-07-01,28934.65102066532
V6,2022-08-01,7093.584126134073
V7,2001-01-01,1095580.5987903227
V7,2001-02-01,1286539.799107143
V7,2001-03-01,1384789.4032258065
V7,2001-04-01,1343248.7833333334
V7,2001-05-01,742243.1481854838
V7,2001-06-01,130581.26874999997
V7,2001-07-01,31093.300277217742
V7,2001-08-01,27462.739478326614
V7,2001-09-01,38978.55415973664
V7,2001-10-01,191482.05733366933
V7,2001-11-01,488122.63333333336
V7,2001-12-01,952296.6633064516
V7,2002-01-01,1256905.127016129
V7,2002-02-01,1428066.6205357143
V7,2002-03-01,1570796.689516129
V7,2002-04-01,1583633.0666666667
V7,2002-05-01,1311349.8185483871
V7,2002-06-01,511462.0078125
V7,2002-07-01,118965.47076612903
V7,2002-08-01,36447.1558719758
V7,2002-09-01,21214.848946126305
V7,2002-10-01,91279.40045362906
V7,2002-11-01,171056.725
V7,2002-12-01,574206.5665322582
V7,2003-01-01,849520.1008064516
V7,2003-02-01,1124427.267857143
V7,2003-03-01,1703283.6814516129
V7,2003-04-01,2386438.3875
V7,2003-05-01,1979290.7701612902
V7,2003-06-01,681743.1656250001
V7,2003-07-01,153193.61668346773
V7,2003-08-01,81051.97429435483
V7,2003-09-01,7442.941448148091
V7,2003-10-01,59886.20043157762
V7,2003-11-01,434490.5872395833
V7,2003-12-01,812012.6310483871
V7,2004-01-01,1059358.2701612904
V7,2004-02-01,1391370.771551724
V7,2004-03-01,2131559.6653225804
V7,2004-04-01,2076426.7291666665
V7,2004-05-01,1284057.2157258065
V7,2004-06-01,538212.8411458333
V7,2004-07-01,100668.60924899194
V7,2004-08-01,54396.36517137097
V7,2004-09-01,10647.06277926763
V7,2004-10-01,48412.48352444557
V7,2004-11-01,196782.1888020833
V7,2004-12-01,487587.2903225806
V7,2005-01-01,791464.8387096775
V7,2005-02-01,1224804.8348214286
V7,2005-03-01,1265604.7379032257
V7,2005-04-01,1458035.0375
V7,2005-05-01,608620.0927419355
V7,2005-06-01,277928.9130208333
V7,2005-07-01,77725.0902217742
V7,2005-08-01,38590.8109248992
V7,2005-09-01,3369.6918022473665
V7,2005-10-01,39599.526115171364
V7,2005-11-01,106034.56809895832
V7,2005-12-01,311467.0158770161
V7,2006-01-01,624696.9667338709
V7,2006-02-01,1322319.8169642857
V7,2006-03-01,1538498.4637096773
V7,2006-04-01,1530631.5229166667
V7,2006-05-01,599491.6234879033
V7,2006-06-01,158531.0140625
V7,2006-07-01,53383.27016129032
V7,2006-08-01,16974.86677797379
V7,2006-09-01,7855.287426757814
V7,2006-10-01,62036.65640751007
V7,2006-11-01,151575.83802083333
V7,2006-12-01,234136.8341733871
V7,2007-01-01,296870.1733870968
V7,2007-02-01,355434.6886160714
V7,2007-03-01,498992.5655241936
V7,2007-04-01,573415.0927083333
V7,2007-05-01,212214.21925403227
V7,2007-06-01,102238.52395833335
V7,2007-07-01,43624.45249495968
V7,2007-08-01,31033.73544606855
V7,2007-09-01,6165.569846328099
V7,2007-10-01,48124.99369959677
V7,2007-11-01,96534.37467447919
V7,2007-12-01,386620.3820564516
V7,2008-01-01,703735.7419354839
V7,2008-02-01,838622.7198275862
V7,2008-03-01,1043494.6915322581
V7,2008-04-01,1152719.68125
V7,2008-05-01,473221.9901713709
V7,2008-06-01,47738.22083333334
V7,2008-07-01,16386.37833921371
V7,2008-08-01,10252.194115423386
V7,2008-09-01,3810.8589204470313
V7,2008-10-01,53893.52704448085
V7,2008-11-01,253016.2703125
V7,2008-12-01,433304.8215725806
V7,2009-01-01,995468.5725806452
V7,2009-02-01,1152246.6450892857
V7,2009-03-01,1470838.6532258065
V7,2009-04-01,1412914.4208333334
V7,2009-05-01,1396958.9233870967
V7,2009-06-01,663717.3385416667
V7,2009-07-01,229245.8644153226
V7,2009-08-01,77791.06426411291
V7,2009-09-01,26498.78981119792
V7,2009-10-01,56398.61586441532
V7,2009-11-01,220857.52695312497
V7,2009-12-01,459797.1078629032
V7,2010-01-01,889282.2318548387
V7,2010-02-01,1755149.674107143
V7,2010-03-01,2360631.5080645164
V7,2010-04-01,2335529.8291666666
V7,2010-05-01,1212032.9233870967
V7,2010-06-01,605472.2510416667
V7,2010-07-01,144495.01663306454
V7,2010-08-01,72256.59513608871
V7,2010-09-01,123125.8413778623
V7,2010-10-01,382964.2641129032
V7,2010-11-01,462474.3489583333
V7,2010-12-01,628137.8961693548
V7,2011-01-01,726564.1834677419
V7,2011-02-01,947710.142857143
V7,2011-03-01,1224923.1088709678
V7,2011-04-01,1162014.49375
V7,2011-05-01,654279.7923387097
V7,2011-06-01,381450.8255208334
V7,2011-07-01,136645.55493951612
V7,2011-08-01,73628.62096774194
V7,2011-09-01,10222.011160620055
V7,2011-10-01,75049.22045110886
V7,2011-11-01,781945.1395833333
V7,2011-12-01,1388461.3306451612
V7,2012-01-01,1582465.7258064516
V7,2012-02-01,1807477.9439655172
V7,2012-03-01,2237356.495967742
V7,2012-04-01,1725336.5583333331
V7,2012-05-01,971007.8407258064
V7,2012-06-01,434296.72239583335
V7,2012-07-01,130138.96068548386
V7,2012-08-01,73945.75289818548
V7,2012-09-01,16111.384451452888
V7,2012-10-01,79273.61995967742
V7,2012-11-01,221829.24401041662
V7,2012-12-01,588496.7530241936
V7,2013-01-01,901481.8024193548
V7,2013-02-01,1174867.642857143
V7,2013-03-01,1307668.8467741935
V7,2013-04-01,866665.8895833333
V7,2013-05-01,658641.4012096775
V7,2013-06-01,318611.540625
V7,2013-07-01,77029.18586189517
V7,2013-08-01,22135.127016129034
V7,2013-09-01,2613.7821421305334
V7,2013-10-01,10327.541925245712
V7,2013-11-01,101621.05644531251
V7,2013-12-01,227166.578125
V7,2014-01-01,347181.87399193546
V7,2014-02-01,999219.7991071428
V7,2014-03-01,1058360.25
V7,2014-04-01,851644.85625
V7,2014-05-01,472012.4495967741
V7,2014-06-01,212102.3177083333
V7,2014-07-01,35737.153414818546
V7,2014-08-01,21274.467111895163
V7,2014-09-01,4249.665365727743
V7,2014-10-01,83729.27602066533
V7,2014-11-01,317740.7723958333
V7,2014-12-01,805405.6733870967
V7,2015-01-01,1010714.3225806451
V7,2015-02-01,1381067.6607142857
V7,2015-03-01,1621486.9838709678
V7,2015-04-01,1606591.4458333333
V7,2015-05-01,727770.8215725807
V7,2015-06-01,307052.57343749993
V7,2015-07-01,58631.46887600807
V7,2015-08-01,7982.571100050403
V7,2015-09-01,11660.989294687906
V7,2015-10-01,67543.30538054433
V7,2015-11-01,328798.1494791667
V7,2015-12-01,686402.5302419355
V7,2016-01-01,861884.9395161291
V7,2016-02-01,1006066.8103448276
V7,2016-03-01,1001224.4879032258
V7,2016-04-01,1060495.7333333334
V7,2016-05-01,758461.0262096775
V7,2016-06-01,325507.1184895833
V7,2016-07-01,55230.4627016129
V7,2016-08-01,33907.999306955644
V7,2016-09-01,1937.8913921674086
V7,2016-10-01,170896.32245463706
V7,2016-11-01,668553.515625
V7,2016-12-01,1644108.560483871
V7,2017-01-01,2270312.5080645164
V7,2017-02-01,2753660.526785714
V7,2017-03-01,3131524.169354839
V7,2017-04-01,3012438.5166666666
V7,2017-05-01,1545266.6512096773
V7,2017-06-01,329380.74557291664
V7,2017-07-01,59552.36378528227
V7,2017-08-01,14774.167149697581
V7,2017-09-01,10537.379028002424
V7,2017-10-01,168986.37802419355
V7,2017-11-01,247247.96875
V7,2017-12-01,400404.67137096776
V7,2018-01-01,841142.7157258063
V7,2018-02-01,1317700.575892857
V7,2018-03-01,1648488.1169354839
V7,2018-04-01,1596188.2875
V7,2018-05-01,1058839.5403225806
V7,2018-06-01,479960.2354166667
V7,2018-07-01,76902.87531502015
V7,2018-08-01,19392.12279485887
V7,2018-09-01,11015.134830983481
V7,2018-10-01,73634.53865297379
V7,2018-11-01,377314.4791666666
V7,2018-12-01,817046.7096774193
V7,2019-01-01,1115516.4939516129
V7,2019-02-01,1314632.299107143
V7,2019-03-01,1245171.7137096773
V7,2019-04-01,924795.75625
V7,2019-05-01,750348.4193548387
V7,2019-06-01,364254.30937500007
V7,2019-07-01,65540.68869707659
V7,2019-08-01,12119.547631048386
V7,2019-09-01,16372.187909674647
V7,2019-10-01,49347.006930443546
V7,2019-11-01,89655.45794270832
V7,2019-12-01,261607.72958669357
V7,2020-01-01,571774.1481854839
V7,2020-02-01,703438.1961206896
V7,2020-03-01,800590.6774193548
V7,2020-04-01,699657.740625
V7,2020-05-01,381487.6638104839
V7,2020-06-01,173462.29791666666
V7,2020-07-01,114895.50882056452
V7,2020-08-01,63801.89679939517
V7,2020-09-01,20910.954726219177
V7,2020-10-01,119109.73588709677
V7,2020-11-01,194637.52786458336
V7,2020-12-01,356780.1360887097
V7,2021-01-01,420994.05846774194
V7,2021-02-01,651462.9252232143
V7,2021-03-01,1092737.0383064516
V7,2021-04-01,1328982.3
V7,2021-05-01,538340.03125
V7,2021-06-01,144414.28098958332
V7,2021-07-01,50913.4255922379
V7,2021-08-01,15994.06306703629
V7,2021-09-01,173.4196272452672
V7,2021-10-01,163444.97015971522
V7,2021-11-01,297140.1307291667
V7,2021-12-01,379585.68548387097
V7,2022-01-01,440905.03125
V7,2022-02-01,575057.3895089285
V7,2022-03-01,1134261.6532258065
V7,2022-04-01,1198480.9541666666
V7,2022-05-01,604508.9677419355
V7,2022-06-01,379152.4156250001
V7,2022-07-01,70827.96988407259
V7,2022-08-01,23817.24250252016
V8,2001-01-01,877687.0060483871
V8,2001-02-01,1023009.0089285715
V8,2001-03-01,1094357.5463709678
V8,2001-04-01,1067937.36875
V8,2001-05-01,620045.8377016127
V8,2001-06-01,123090.33164062498
V8,2001-07-01,31839.82333669355
V8,2001-08-01,26856.091418850807
V8,2001-09-01,38959.32048657735
V8,2001-10-01,161041.03162802418
V8,2001-11-01,402351.4822916667
V8,2001-12-01,776039.3074596773
V8,2002-01-01,1023887.9596774194
V8,2002-02-01,1153143.2544642857
V8,2002-03-01,1275261.8830645161
V8,2002-04-01,1282795.6208333333
V8,2002-05-01,1088248.8346774194
V8,2002-06-01,432456.02135416656
V8,2002-07-01,111116.42124495967
V8,2002-08-01,35294.7757686492
V8,2002-09-01,18027.722918701173
V8,2002-10-01,72985.69096522179
V8,2002-11-01,135002.6471354167
V8,2002-12-01,455471.03125
V8,2003-01-01,664030.5786290322
V8,2003-02-01,878719.5714285715
V8,2003-03-01,1354792.8790322582
V8,2003-04-01,1967623.4916666667
V8,2003-05-01,1656963.2338709678
V8,2003-06-01,580877.0875000001
V8,2003-07-01,134164.2752016129
V8,2003-08-01,70268.30922379032
V8,2003-09-01,6021.300730053585
V8,2003-10-01,55798.17318233367
V8,2003-11-01,368255.9901041666
V8,2003-12-01,687996.7983870967
V8,2004-01-01,888865.9254032258
V8,2004-02-01,1151487.8793103448
V8,2004-03-01,1757852.7258064516
V8,2004-04-01,1710376.1333333333
V8,2004-05-01,1092320.2096774192
V8,2004-06-01,465413.30833333323
V8,2004-07-01,95959.49483366936
V8,2004-08-01,50970.660786290326
V8,2004-09-01,9501.936441254618
V8,2004-10-01,40528.92181199597
V8,2004-11-01,158775.87877604167
V8,2004-12-01,380883.80947580637
V8,2005-01-01,617327.9899193548
V8,2005-02-01,953605.5982142857
V8,2005-03-01,981542.0463709678
V8,2005-04-01,1134376.26875
V8,2005-05-01,495478.8719758064
V8,2005-06-01,231250.79427083334
V8,2005-07-01,69220.87941028227
V8,2005-08-01,35373.778351814515
V8,2005-09-01,2733.513486035666
V8,2005-10-01,37883.8681640625
V8,2005-11-01,87452.86848958334
V8,2005-12-01,249097.04032258067
V8,2006-01-01,499957.25100806454
V8,2006-02-01,1042246.3683035715
V8,2006-03-01,1209794
V8,2006-04-01,1201732.1666666667
V8,2006-05-01,495658.8639112904
V8,2006-06-01,140830.3020833333
V8,2006-07-01,53829.38211945565
V8,2006-08-01,16894.136088709674
V8,2006-09-01,6887.242407226562
V8,2006-10-01,51507.43394027217
V8,2006-11-01,120341.83307291666
V8,2006-12-01,181768.80897177418
V8,2007-01-01,229213.59929435485
V8,2007-02-01,274406.06082589284
V8,2007-03-01,390517.5685483871
V8,2007-04-01,450189.4854166667
V8,2007-05-01,171861.90372983873
V8,2007-06-01,94865.41901041666
V8,2007-07-01,45950.75774949597
V8,2007-08-01,30456.856791834678
V8,2007-09-01,7330.230958819389
V8,2007-10-01,47748.884198588705
V8,2007-11-01,83535.36295572919
V8,2007-12-01,311237.51512096776
V8,2008-01-01,558468.5735887097
V8,2008-02-01,665545.7715517242
V8,2008-03-01,825574.8669354839
V8,2008-04-01,916169.7583333333
V8,2008-05-01,384104.9054939517
V8,2008-06-01,46587.955078125
V8,2008-07-01,16233.53043094758
V8,2008-08-01,9721.292716733871
V8,2008-09-01,3500.6800021012627
V8,2008-10-01,47617.56376008064
V8,2008-11-01,193404.31979166664
V8,2008-12-01,340424.75604838715
V8,2009-01-01,802635.5987903225
V8,2009-02-01,926231.8191964285
V8,2009-03-01,1175258.9879032257
V8,2009-04-01,1120735.2083333333
V8,2009-05-01,1131385.4677419355
V8,2009-06-01,556108.8062500001
V8,2009-07-01,205233.55065524194
V8,2009-08-01,75015.55745967742
V8,2009-09-01,22596.67841796875
V8,2009-10-01,53973.16926033267
V8,2009-11-01,179051.20260416664
V8,2009-12-01,364420.91683467745
V8,2010-01-01,706907.0110887096
V8,2010-02-01,1412370.859375
V8,2010-03-01,1889128.1048387096
V8,2010-04-01,1870964.5416666667
V8,2010-05-01,1018174.3185483871
V8,2010-06-01,523698.30833333323
V8,2010-07-01,128519.58971774194
V8,2010-08-01,60887.77457157258
V8,2010-09-01,130454.40887886685
V8,2010-10-01,385312.30745967745
V8,2010-11-01,455807.29375
V8,2010-12-01,591804.5100806452
V8,2011-01-01,678755.5
V8,2011-02-01,863787.7924107143
V8,2011-03-01,1101822.9092741935
V8,2011-04-01,1055820.6708333334
V8,2011-05-01,606022.7883064516
V8,2011-06-01,343506.72291666665
V8,2011-07-01,118932.67691532259
V8,2011-08-01,60080.74924395161
V8,2011-09-01,8813.58815124035
V8,2011-10-01,62819.66686617943
V8,2011-11-01,624305.5739583332
V8,2011-12-01,1102430.8951612904
V8,2012-01-01,1257647.7983870967
V8,2012-02-01,1441015.4741379311
V8,2012-03-01,1804620.1733870967
V8,2012-04-01,1421679.2416666667
V8,2012-05-01,838690.3870967742
V8,2012-06-01,385555.33124999993
V8,2012-07-01,111272.87096774194
V8,2012-08-01,59981.08984375
V8,2012-09-01,14665.62695668538
V8,2012-10-01,65411.80928679435
V8,2012-11-01,172526.48867187498
V8,2012-12-01,463660.85786290315
V8,2013-01-01,705182.3145161291
V8,2013-02-01,922977.0758928572
V8,2013-03-01,1023898.0604838709
V8,2013-04-01,678132.6645833333
V8,2013-05-01,538619.3891129033
V8,2013-06-01,267188.45364583336
V8,2013-07-01,76748.29145665324
V8,2013-08-01,22410.54630796371
V8,2013-09-01,2255.0528116861983
V8,2013-10-01,8427.385673276836
V8,2013-11-01,87224.04824218752
V8,2013-12-01,177932.72303427418
V8,2014-01-01,268057.2011088709
V8,2014-02-01,776398.3638392857
V8,2014-03-01,814652.0221774194
V8,2014-04-01,655445.48125
V8,2014-05-01,365411.00504032255
V8,2014-06-01,174022.48854166668
V8,2014-07-01,36576.09053679435
V8,2014-08-01,20696.523563508064
V8,2014-09-01,3867.8140442530316
V8,2014-10-01,70029.75831653227
V8,2014-11-01,255195.75
V8,2014-12-01,635080.1310483871
V8,2015-01-01,790460.0282258064
V8,2015-02-01,1080046.064732143
V8,2015-03-01,1273299.8991935484
V8,2015-04-01,1264501.0583333333
V8,2015-05-01,595554.2862903227
V8,2015-06-01,267311.4869791666
V8,2015-07-01,57946.4040763609
V8,2015-08-01,7420.115234375
V8,2015-09-01,10204.393603006998
V8,2015-10-01,55072.77299647178
V8,2015-11-01,254857.25807291668
V8,2015-12-01,535415.1421370967
V8,2016-01-01,667726.8850806452
V8,2016-02-01,781063.2435344828
V8,2016-03-01,777494.2379032258
V8,2016-04-01,852901.73125
V8,2016-05-01,636205.8689516129
V8,2016-06-01,282703.0442708334
V8,2016-07-01,51962.889175907265
V8,2016-08-01,30118.549836189515
V8,2016-09-01,1856.454429276784
V8,2016-10-01,134482.62707913312
V8,2016-11-01,546110.5416666667
V8,2016-12-01,1339180.2399193547
V8,2017-01-01,1838669.9677419355
V8,2017-02-01,2218279.1964285714
V8,2017-03-01,2564023.5887096776
V8,2017-04-01,2503537.0166666666
V8,2017-05-01,1322829.2620967745
V8,2017-06-01,284916.6781249999
V8,2017-07-01,54984.83348034273
V8,2017-08-01,14033.03799143145
V8,2017-09-01,8592.844411166514
V8,2017-10-01,141122.7375252016
V8,2017-11-01,206669.10338541667
V8,2017-12-01,327893.0589717742
V8,2018-01-01,678166.7832661291
V8,2018-02-01,1071949.763392857
V8,2018-03-01,1327329.7943548388
V8,2018-04-01,1292707.225
V8,2018-05-01,870989.9435483871
V8,2018-06-01,398349.8760416667
V8,2018-07-01,73085.90228074596
V8,2018-08-01,19198.550025201614
V8,2018-09-01,9817.712432861328
V8,2018-10-01,54931.94621030746
V8,2018-11-01,279365.5796875
V8,2018-12-01,618308.3518145161
V8,2019-01-01,850376.5
V8,2019-02-01,1004718.515625
V8,2019-03-01,952480.8266129033
V8,2019-04-01,708321.6083333333
V8,2019-05-01,589463.6098790322
V8,2019-06-01,304808.6067708334
V8,2019-07-01,58678.8959173387
V8,2019-08-01,10570.267924647178
V8,2019-09-01,13953.259311978023
V8,2019-10-01,46621.840851814515
V8,2019-11-01,77473.111328125
V8,2019-12-01,213050.69682459682
V8,2020-01-01,458898.43951612903
V8,2020-02-01,559356.3060344828
V8,2020-03-01,634792.7379032258
V8,2020-04-01,560975.7770833333
V8,2020-05-01,326001.9324596774
V8,2020-06-01,160681.97161458334
V8,2020-07-01,108776.5710685484
V8,2020-08-01,59746.8363155242
V8,2020-09-01,21051.9161719799
V8,2020-10-01,113898.38092237903
V8,2020-11-01,173929.0325520833
V8,2020-12-01,302857.5423387097
V8,2021-01-01,359071.9203629032
V8,2021-02-01,537075.3113839285
V8,2021-03-01,875048.2016129033
V8,2021-04-01,1066866.7229166667
V8,2021-05-01,460663.24143145164
V8,2021-06-01,132859.0403645833
V8,2021-07-01,46989.28093497983
V8,2021-08-01,15006.768113659275
V8,2021-09-01,142.13346489270526
V8,2021-10-01,138441.8820249496
V8,2021-11-01,247960.4328125
V8,2021-12-01,316212.11794354836
V8,2022-01-01,364991.5423387097
V8,2022-02-01,472892.62834821426
V8,2022-03-01,925249.9889112903
V8,2022-04-01,992506.6104166667
V8,2022-05-01,525282.4435483871
V8,2022-06-01,340230.52812500007
V8,2022-07-01,67981.08688256047
V8,2022-08-01,22998.759135584678
V9,2001-01-01,945786.9899193548
V9,2001-02-01,1084745.984375
V9,2001-03-01,1160596.9072580645
V9,2001-04-01,1187408.7083333333
V9,2001-05-01,733982.3780241937
V9,2001-06-01,156416.07604166667
V9,2001-07-01,39963.14654737903
V9,2001-08-01,35522.02350050403
V9,2001-09-01,66221.10828380582
V9,2001-10-01,214550.81678427415
V9,2001-11-01,487181.878125
V9,2001-12-01,852244.3467741936
V9,2002-01-01,1098538.9879032257
V9,2002-02-01,1223170.299107143
V9,2002-03-01,1378547.0322580645
V9,2002-04-01,1469387.3791666667
V9,2002-05-01,1332736.0040322582
V9,2002-06-01,558952.3671875
V9,2002-07-01,160093.03931451612
V9,2002-08-01,43592.770917338705
V9,2002-09-01,31664.00970052083
V9,2002-10-01,97547.0550655242
V9,2002-11-01,166846.67916666667
V9,2002-12-01,486089.03225806454
V9,2003-01-01,686858.4193548387
V9,2003-02-01,900313.2366071428
V9,2003-03-01,1403242.0443548388
V9,2003-04-01,2225455.9541666666
V9,2003-05-01,2004592.3346774192
V9,2003-06-01,741626.2427083333
V9,2003-07-01,191684.33845766127
V9,2003-08-01,103807.40070564517
V9,2003-09-01,7419.533134969072
V9,2003-10-01,74877.10189327116
V9,2003-11-01,434749.9686197916
V9,2003-12-01,787829.5403225806
V9,2004-01-01,1002351.7258064516
V9,2004-02-01,1266882.4008620689
V9,2004-03-01,1931519.8467741935
V9,2004-04-01,1934059.6166666667
V9,2004-05-01,1340002.0927419355
V9,2004-06-01,600946.9499999998
V9,2004-07-01,129322.86391129033
V9,2004-08-01,69411.21509576614
V9,2004-09-01,16115.193344370526
V9,2004-10-01,54507.00129158267
V9,2004-11-01,190485.05703125
V9,2004-12-01,417098.73387096776
V9,2005-01-01,655795.9415322581
V9,2005-02-01,981436.5401785715
V9,2005-03-01,1049888.1754032257
V9,2005-04-01,1247461.0708333333
V9,2005-05-01,588133.0997983871
V9,2005-06-01,287021.2640625
V9,2005-07-01,100975.48513104841
V9,2005-08-01,48994.85950100807
V9,2005-09-01,3675.1422838211047
V9,2005-10-01,52829.45120337703
V9,2005-11-01,101823.629296875
V9,2005-12-01,261937.3266129032
V9,2006-01-01,498596.91330645164
V9,2006-02-01,1015832.2008928572
V9,2006-03-01,1196318.7862903227
V9,2006-04-01,1245780.9083333334
V9,2006-05-01,565518.6285282259
V9,2006-06-01,176691.1828125
V9,2006-07-01,67678.64976058467
V9,2006-08-01,17330.381489415326
V9,2006-09-01,11029.299633789062
V9,2006-10-01,62664.84674269153
V9,2006-11-01,137457.5130208333
V9,2006-12-01,199230.55594758064
V9,2007-01-01,245877.79233870967
V9,2007-02-01,289584.59988839284
V9,2007-03-01,425587.0393145161
V9,2007-04-01,499070.2281250001
V9,2007-05-01,198420.81300403227
V9,2007-06-01,117713.03151041668
V9,2007-07-01,58929.57825100807
V9,2007-08-01,39381.496723790326
V9,2007-09-01,12793.387706771
V9,2007-10-01,71705.6800655242
V9,2007-11-01,101450.86888020832
V9,2007-12-01,329370.33064516133
V9,2008-01-01,570447.0544354839
V9,2008-02-01,675729.864224138
V9,2008-03-01,859952.9657258064
V9,2008-04-01,993486.5583333333
V9,2008-05-01,436433.75856854825
V9,2008-06-01,57591.10820312499
V9,2008-07-01,19580.9318296371
V9,2008-08-01,10799.114982358871
V9,2008-09-01,5473.705131228764
V9,2008-10-01,59303.61258820564
V9,2008-11-01,210945.3854166667
V9,2008-12-01,364228.49445564515
V9,2009-01-01,837935.3306451613
V9,2009-02-01,952087.7075892857
V9,2009-03-01,1208465.25
V9,2009-04-01,1241235.7583333333
V9,2009-05-01,1343470.560483871
V9,2009-06-01,699508.6375
V9,2009-07-01,273520.7888104839
V9,2009-08-01,100408.63760080645
V9,2009-09-01,35539.438159179685
V9,2009-10-01,86070.77488659274
V9,2009-11-01,211833.1651041667
V9,2009-12-01,394208.07157258067
V9,2010-01-01,736102.2127016127
V9,2010-02-01,1451462.5379464286
V9,2010-03-01,1972514.9879032257
V9,2010-04-01,2039620.9583333333
V9,2010-05-01,1198336.8870967743
V9,2010-06-01,648491.9729166668
V9,2010-07-01,185864.78931451612
V9,2010-08-01,89334.59853830645
V9,2010-09-01,228511.65845165247
V9,2010-10-01,652876.0342741936
V9,2010-11-01,744196.6166666667
V9,2010-12-01,884697.8528225806
V9,2011-01-01,990443.9112903225
V9,2011-02-01,1202016.0848214286
V9,2011-03-01,1496399.1129032257
V9,2011-04-01,1480472.0416666665
V9,2011-05-01,903595.9858870967
V9,2011-06-01,516768.05885416677
V9,2011-07-01,185277.90675403227
V9,2011-08-01,96661.49344758064
V9,2011-09-01,14639.272503558792
V9,2011-10-01,80608.9765625
V9,2011-11-01,669451.9625000001
V9,2011-12-01,1173049.7459677418
V9,2012-01-01,1325895.0483870967
V9,2012-02-01,1517250.0129310344
V9,2012-03-01,1921546.9072580645
V9,2012-04-01,1613892.0416666665
V9,2012-05-01,1059288.4657258065
V9,2012-06-01,526468.8473958332
V9,2012-07-01,169045.32862903227
V9,2012-08-01,92415.95866935483
V9,2012-09-01,23409.82524792353
V9,2012-10-01,83069.62323588709
V9,2012-11-01,182246.55833333332
V9,2012-12-01,464379.8125
V9,2013-01-01,679704.5383064516
V9,2013-02-01,907674.6763392857
V9,2013-03-01,1026623.0826612903
V9,2013-04-01,736418.4333333333
V9,2013-05-01,648058.7540322581
V9,2013-06-01,330775.265625
V9,2013-07-01,97211.6925403226
V9,2013-08-01,22479.341292842742
V9,2013-09-01,2982.454164632162
V9,2013-10-01,10025.221807664444
V9,2013-11-01,104957.53255208333
V9,2013-12-01,186441.57913306452
V9,2014-01-01,273376.5952620968
V9,2014-02-01,761483.109375
V9,2014-03-01,796271.8991935484
V9,2014-04-01,702880.0854166667
V9,2014-05-01,399925.38760080637
V9,2014-06-01,203182.93385416668
V9,2014-07-01,46668.660534274204
V9,2014-08-01,27299.012726814515
V9,2014-09-01,5675.751368268329
V9,2014-10-01,89109.57409274194
V9,2014-11-01,283103.70364583336
V9,2014-12-01,649788.7338709678
V9,2015-01-01,791092.0322580645
V9,2015-02-01,1071845.517857143
V9,2015-03-01,1279680.7903225806
V9,2015-04-01,1338454.0875
V9,2015-05-01,693588.0433467741
V9,2015-06-01,341890.19843749993
V9,2015-07-01,76560.68620841736
V9,2015-08-01,8982.0453156502
V9,2015-09-01,14631.92461191813
V9,2015-10-01,68580.15867565523
V9,2015-11-01,280604.63645833335
V9,2015-12-01,555983.7580645161
V9,2016-01-01,683808.6169354839
V9,2016-02-01,798756.6099137932
V9,2016-03-01,821882.2217741936
V9,2016-04-01,989410.8145833333
V9,2016-05-01,790903.1572580645
V9,2016-06-01,366254.4854166667
V9,2016-07-01,69762.1882560484
V9,2016-08-01,40897.143901209674
V9,2016-09-01,2949.655007870992
V9,2016-10-01,151456.01445942544
V9,2016-11-01,608784.3625000002
V9,2016-12-01,1442600.75
V9,2017-01-01,1940441.4233870967
V9,2017-02-01,2312525.6785714286
V9,2017-03-01,2748517.129032258
V9,2017-04-01,2862944.341666667
V9,2017-05-01,1645088.060483871
V9,2017-06-01,377913.3499999999
V9,2017-07-01,77228.38791582659
V9,2017-08-01,16279.305349042339
V9,2017-09-01,12444.371452267971
V9,2017-10-01,165649.08618951612
V9,2017-11-01,238224.23385416667
V9,2017-12-01,363457.3689516129
V9,2018-01-01,717098.8901209678
V9,2018-02-01,1122032.4129464286
V9,2018-03-01,1395996.625
V9,2018-04-01,1439366.7666666666
V9,2018-05-01,1022174.9717741936
V9,2018-06-01,482594.4130208333
V9,2018-07-01,98214.48135080647
V9,2018-08-01,21862.058467741936
V9,2018-09-01,15876.379681142174
V9,2018-10-01,59580.860572076606
V9,2018-11-01,289578.82864583336
V9,2018-12-01,635444.4506048387
V9,2019-01-01,859125.3145161291
V9,2019-02-01,1007492.9553571428
V9,2019-03-01,970862.4495967742
V9,2019-04-01,769563.06875
V9,2019-05-01,686879.3870967742
V9,2019-06-01,373496.1015625
V9,2019-07-01,76456.03698336694
V9,2019-08-01,14197.856429561492
V9,2019-09-01,21164.40796806018
V9,2019-10-01,67010.2780997984
V9,2019-11-01,93992.72799479165
V9,2019-12-01,225615.26209677415
V9,2020-01-01,463215.3407258064
V9,2020-02-01,563605.051724138
V9,2020-03-01,666045.8568548387
V9,2020-04-01,632157.3666666667
V9,2020-05-01,409572.49899193546
V9,2020-06-01,221736.9328125
V9,2020-07-01,155470.8999495968
V9,2020-08-01,85638.33845766129
V9,2020-09-01,35650.26888113022
V9,2020-10-01,169465.29032258067
V9,2020-11-01,235832.90208333332
V9,2020-12-01,372851.3497983871
V9,2021-01-01,438226.5514112903
V9,2021-02-01,627366.036830357
V9,2021-03-01,983077.3951612904
V9,2021-04-01,1227521.5895833333
V9,2021-05-01,573352.6643145161
V9,2021-06-01,187282.396875
V9,2021-07-01,66001.60023941533
V9,2021-08-01,19232.666015625
V9,2021-09-01,235.11475541293623
V9,2021-10-01,173563.24514081402
V9,2021-11-01,282510.9744791667
V9,2021-12-01,359545.68850806454
V9,2022-01-01,410218.24596774194
V9,2022-02-01,524175.64508928574
V9,2022-03-01,1050857.3608870965
V9,2022-04-01,1152753.035416667
V9,2022-05-01,649339.1915322581
V9,2022-06-01,471203.8958333334
V9,2022-07-01,95218.74810987903
V9,2022-08-01,27020.805821572583
